allele,peptide,measurement_value,measurement_inequality,measurement_type,measurement_source,pep_len,Normalized_QM,VTAPERNet_BAV_Normalized,VTAPERNet_BAV
HLA-C*07:02,AYSSWMYSY,284.0,=,quantitative,Ph.D. - purified MHC/direct/fluorescence,9,0.4779029579283939,0.5222952365875244,175.6792036809922
HLA-C*07:02,FRMTENVPL,48.0,=,quantitative,Ph.D. - purified MHC/direct/fluorescence,9,0.6422106896140631,0.5266651511192322,167.56613667832383
HLA-C*07:02,HRMNKILHY,141.0,=,quantitative,Ph.D. - purified MHC/direct/fluorescence,9,0.5426191036179913,0.6175950765609741,62.64829626487877
HLA-C*07:02,LPFHNVHPL,2490.0,=,quantitative,Ph.D. - purified MHC/direct/fluorescence,9,0.2772460041324245,0.39673399925231934,683.4847707294135
HLA-C*07:02,RMMGVKYLM,859.0,=,quantitative,Ph.D. - purified MHC/direct/fluorescence,9,0.3756093013737325,0.46524760127067566,325.67579455815616
HLA-C*07:02,RQLLWRYQI,2227.0,=,quantitative,Ph.D. - purified MHC/direct/fluorescence,9,0.2875629735995553,0.6164420247077942,63.43477748857948
HLA-C*07:02,RRRPVTRPL,1.0,=,quantitative,Ph.D. - purified MHC/direct/fluorescence,9,1.0,0.6723130345344543,34.657020364244794
HLA-C*07:02,RRRQWASCM,45.0,=,quantitative,Ph.D. - purified MHC/direct/fluorescence,9,0.648175555015285,0.5930687785148621,81.68787593401072
HLA-C*07:02,SMLSYGNVL,614.0,=,quantitative,Ph.D. - purified MHC/direct/fluorescence,9,0.4066426539074821,0.4300164580345154,476.79925336910264
HLA-C*07:02,YALPSAGAF,404.0,=,quantitative,Ph.D. - purified MHC/direct/fluorescence,9,0.4453292183807213,0.4401089549064636,427.4754976684659
HLA-C*07:02,YQVKYVSPV,4515.0,=,quantitative,Ph.D. - purified MHC/direct/fluorescence,9,0.22224279974608166,0.4539656639099121,367.95860748044674
HLA-C*07:02,YRSMIAFKL,45.0,=,quantitative,Ph.D. - purified MHC/direct/fluorescence,9,0.648175555015285,0.5582689642906189,119.03670223694867
HLA-C*07:02,YYGRWVHEF,46.0,=,quantitative,Ph.D. - purified MHC/direct/fluorescence,9,0.6461441911424741,0.5616987347602844,114.70028532060805
HLA-C*07:02,YYNAFHWA,397.0,=,quantitative,Ph.D. - purified MHC/direct/fluorescence,8,0.4469446486432013,0.4307518005371094,473.020773904928
