seq #,peptide,start,end,peptide length,allele,peptide index,median binding percentile,netmhcpan_ba core,netmhcpan_ba icore,netmhcpan_ba IC50,netmhcpan_ba percentile,ann IC50,ann percentile,mhcflurry IC50,mhcflurry percentile
1,ADAKAAAAV,1,9,9,HLA-A*02:05,1,4.6,ADAKAAAAV,ADAKAAAAV,1420.02,4.6,956.54,0.16,5049.2,22.0
2,ALAKAAAAN,1,9,9,HLA-A*02:05,2,12.0,ALAKAAAAN,ALAKAAAAN,4834.43,12.0,4391.55,0.89,19094.68,48.0
3,ALAKAAAAR,1,9,9,HLA-A*02:05,3,13.0,ALAKAAAAR,ALAKAAAAR,5066.96,13.0,4496.03,0.91,13139.46,35.0
4,DPKVKQWPL,1,9,9,HLA-A*02:05,4,57.0,DPKVKQWPL,DPKVKQWPL,31766.92,66.0,41267.24,35.0,21950.57,57.0
5,EADPTGHSY,1,9,9,HLA-A*02:05,5,56.0,EADPTGHSY,EADPTGHSY,27921.87,56.0,46808.54,72.0,11997.39,33.0
6,ACAKAAAAV,1,9,9,HLA-A*02:05,6,2.9,ACAKAAAAV,ACAKAAAAV,736.53,2.9,69.91,0.02,1006.33,14.0
7,AFAKAAAAV,1,9,9,HLA-A*02:05,7,3.3,AFAKAAAAV,AFAKAAAAV,865.72,3.3,71.34,0.02,3303.2,19.0
8,AGAKAAAAV,1,9,9,HLA-A*02:05,8,1.7,AGAKAAAAV,AGAKAAAAV,327.35,1.7,586.64,0.11,642.53,13.0
9,AKAKAAAAV,1,9,9,HLA-A*02:05,9,6.5,AKAKAAAAV,AKAKAAAAV,2307.23,6.5,223.09,0.04,10983.89,31.0
10,ALAKAAAAC,1,9,9,HLA-A*02:05,10,3.2,ALAKAAAAC,ALAKAAAAC,820.68,3.2,254.54,0.05,785.95,13.0
11,ALAKAAAAF,1,9,9,HLA-A*02:05,11,1.7,ALAKAAAAF,ALAKAAAAF,328.73,1.7,1056.53,0.18,2660.27,18.0
12,ALAKAAAAG,1,9,9,HLA-A*02:05,12,2.9,ALAKAAAAG,ALAKAAAAG,727.18,2.9,3416.14,0.65,5063.13,22.0
13,ALAKAAAAP,1,9,9,HLA-A*02:05,13,4.3,ALAKAAAAP,ALAKAAAAP,1263.41,4.3,2534.58,0.44,6890.47,25.0
14,ALAKAAAAS,1,9,9,HLA-A*02:05,14,2.7,ALAKAAAAS,ALAKAAAAS,637.56,2.7,2357.39,0.41,4630.9,21.0
15,ALAKAAAAT,1,9,9,HLA-A*02:05,15,1.9,ALAKAAAAT,ALAKAAAAT,393.8,1.9,983.44,0.17,283.6,8.8
16,ALAKAAAAY,1,9,9,HLA-A*02:05,16,8.7,ALAKAAAAY,ALAKAAAAY,3433.82,8.7,2131.75,0.37,9827.86,29.0
17,ANAKAAAAV,1,9,9,HLA-A*02:05,17,1.9,ANAKAAAAV,ANAKAAAAV,387.4,1.9,523.84,0.09,754.63,13.0
18,APAKAAAAV,1,9,9,HLA-A*02:05,18,12.0,APAKAAAAV,APAKAAAAV,4528.54,12.0,308.31,0.05,6879.57,25.0
19,YDVAYQATV,1,9,9,HLA-A*02:05,19,2.7,YDVAYQATV,YDVAYQATV,662.54,2.7,92.52,0.03,1042.86,14.0
20,YFVAYQATV,1,9,9,HLA-A*02:05,20,1.8,YFVAYQATV,YFVAYQATV,360.59,1.8,13.62,0.01,795.64,13.0
21,YKVAYQATV,1,9,9,HLA-A*02:05,21,4.2,YKVAYQATV,YKVAYQATV,1241.84,4.2,28.5,0.02,2716.18,18.0
22,YLVAYQATD,1,9,9,HLA-A*02:05,22,4.1,YLVAYQATD,YLVAYQATD,1197.0,4.1,507.71,0.09,20539.42,52.0
23,YLVAYQATF,1,9,9,HLA-A*02:05,23,1.5,YLVAYQATF,YLVAYQATF,282.54,1.5,79.41,0.02,767.02,13.0
24,YLVAYQATK,1,9,9,HLA-A*02:05,24,6.9,YLVAYQATK,YLVAYQATK,2479.95,6.9,315.67,0.06,5340.49,22.0
25,YLVAYQATP,1,9,9,HLA-A*02:05,25,3.3,YLVAYQATP,YLVAYQATP,902.07,3.3,202.27,0.04,4074.94,21.0
26,YLVAYQATQ,1,9,9,HLA-A*02:05,26,5.8,YLVAYQATQ,YLVAYQATQ,1943.22,5.8,419.73,0.07,11445.63,32.0
27,YPVAYQATV,1,9,9,HLA-A*02:05,27,7.2,YPVAYQATV,YPVAYQATV,2619.25,7.2,39.67,0.02,2240.97,17.0
