allele,Description,Quantitative measurement
HLA-A*02:02,ADAKAAAAV,10000
HLA-A*02:02,DPKVKQWPL,10000
HLA-A*02:02,EADPTGHSY,10000
HLA-A*02:02,FLNISWFYI,0.17
HLA-A*02:02,GLNDYLHSV,0.74
HLA-A*02:02,ILSDENYLL,0.31
HLA-A*02:02,FLWEDQTLL,0.64
HLA-A*02:02,FLARLIWWL,0.024
HLA-A*02:02,FLATCVNGV,0.61
HLA-A*02:02,LLAPITAYA,0.27
HLA-A*02:02,ALMDLLMFS,0.94
HLA-A*02:02,FLITGVFDI,0.69
HLA-A*02:02,FLGRYMSAL,0.1
HLA-A*02:02,YLSSVLLAL,0.14
HLA-A*02:02,YVFTLLFQL,0.2
HLA-A*02:02,CLDAGINYV,0.57
HLA-A*02:02,MLFTKFFYL,0.085
HLA-A*02:02,WLMWFIISI,0.61
HLA-A*02:02,VLAALVCYI,0.58
HLA-A*02:02,KLIEYSDFA,0.095
HLA-A*02:02,GALDVSASV,0.72
HLA-A*02:02,LMSFTILCL,0.27
HLA-A*02:02,FLAHLQWFA,0.1
HLA-A*02:02,FLLNKEMYL,0.33
HLA-A*02:02,VLAWLYAAV,0.097
HLA-A*02:02,FLNRFTTTL,0.66
HLA-A*02:02,FLLPSLATV,0.13
HLA-A*02:02,TLMNVITLV,0.34
HLA-A*02:02,FLARAIVFV,0.2
HLA-A*02:02,TLGVYDYLV,0.25
HLA-A*02:02,VLSFCAFAV,0.84
HLA-A*02:02,NLLDSYFVV,0.54
HLA-A*02:02,YTMADLVYA,0.18
HLA-A*02:02,LLMPILTLT,0.59
HLA-A*02:02,VMCGGSLYV,0.61
HLA-A*02:02,FVDEFYAYL,0.089
HLA-A*02:02,LMIERFVSL,0.6
HLA-A*02:02,KLNVGDYFV,0.75
HLA-A*02:02,YVFCTVNAL,0.35
HLA-A*02:02,YLDAYNMMI,0.91
HLA-A*02:02,MMISAGFSL,0.15
HLA-A*02:02,YLNTLTLAV,0.29
HLA-A*02:02,TLIGDCATV,0.75
HLA-A*02:02,VIADYNYKL,0.48
HLA-A*02:02,LLFNKVTLA,0.95
HLA-A*02:02,MIAAYTAAL,0.84
HLA-A*02:02,RLQSLQTYV,0.32
HLA-A*02:02,FIAGLIAIV,0.44
HLA-A*02:02,FLAVFQSAT,0.19
HLA-A*02:02,ALYKGFQFI,0.53
HLA-A*02:02,AQFLYLYAL,0.92
HLA-A*02:02,YLYALIYFL,0.17
HLA-A*02:02,LLYDANYFV,0.22
HLA-A*02:02,FLAFVVFLL,0.41
HLA-A*02:02,FLLVTLAIL,0.64
HLA-A*02:02,HLVDFQVTI,0.29
HLA-A*02:02,IVAALVFLI,0.14
HLA-A*02:02,YLCFLAFLL,0.64
HLA-A*02:02,ALIARCWYL,0.2
HLA-A*02:02,TMADLVYAL,0.18
HLA-A*02:02,LLLEWLAEV,0.11
HLA-A*02:02,YLMCLSPLM,0.14
HLA-A*02:02,NLAPHLLLI,0.82
HLA-A*02:02,YQSFLFWFL,0.38
HLA-A*02:02,MLLNVQTLI,0.17
HLA-A*02:02,YLGPRVCWL,0.9
HLA-A*02:02,NLDDVYSYI,0.72
HLA-A*02:02,FLHYCNSYA,0.9
HLA-A*02:02,YLLMHLVSL,0.18
HLA-A*02:02,NIAEYIAGL,0.71
HLA-A*02:02,LIAGIILLI,0.17
HLA-A*02:02,ILSCIFAFI,0.79
HLA-A*02:02,VLALYSPPL,0.22
HLA-A*02:02,LMIFISSFL,0.65
HLA-A*02:02,MIFISSFLL,0.34
HLA-A*02:02,FISSFLLPL,0.4
HLA-A*02:02,FLLPLTSLV,0.76
HLA-A*02:02,VMYAFTTPL,0.57
HLA-A*02:02,IMFMLIFNV,0.15
HLA-A*02:02,ELSRLRYNL,0.93
HLA-A*02:02,YLRGHTESI,0.21
HLA-A*02:02,MMNERDVSV,0.44
HLA-A*02:02,LLIKTLSPA,0.59
HLA-A*02:02,FIPIIYSKA,0.56
HLA-A*02:02,ALALEQYGI,0.69
HLA-A*02:02,SISEINEWL,0.13
HLA-A*02:02,FLDWIKDIM,0.78
HLA-A*02:02,ILVGYMSNL,1
HLA-A*02:02,KMIYDLNAV,0.78
HLA-A*02:02,LISLINSLV,0.48
HLA-A*02:02,ILATLNTLI,0.41
HLA-A*02:02,TLNTLITLI,0.99
HLA-A*02:02,YAAEMVEYL,0.52
HLA-A*02:02,GLVDLFVFS,0.13
HLA-A*02:02,GLLQFIVFL,0.6
HLA-A*02:02,RMQKEITAL,0.29
HLA-A*02:02,SLAGGIIGV,1
HLA-A*02:02,RLAVYIDKV,0.84
HLA-A*02:02,SLSSQLSNL,0.57
HLA-A*02:02,QLNDYEQLL,0.23
HLA-A*02:02,YLYVDKNFI,0.85
HLA-A*02:02,KVIQYLAYV,0.17
HLA-A*02:02,WLMKNMDPL,0.36
HLA-A*02:02,FLSNGHVTI,1
HLA-A*02:02,NLAEDIMRL,0.31
HLA-A*02:02,SLQEEIAFL,0.37
HLA-A*02:02,FVFDRPLPV,8417
HLA-A*02:02,QLFNHTMFI,0.71
HLA-A*02:02,ALCRWGLLL,10000
HLA-A*02:02,VVLGVVFGI,10000
HLA-A*02:02,ACAKAAAAV,430
HLA-A*02:02,AFAKAAAAV,430
HLA-A*02:02,AKAKAAAAV,430
HLA-A*02:02,ALAKAAAAC,430
HLA-A*02:02,ALAKAAAAF,430
HLA-A*02:02,ALAKAAAAG,430
HLA-A*02:02,ALAKAAAAP,430
HLA-A*02:02,ALAKAAAAS,430
HLA-A*02:02,ALAKAAAAT,430
HLA-A*02:02,ALAKAAAAY,430
HLA-A*02:02,ANAKAAAAV,430
HLA-A*02:02,APAKAAAAV,430
HLA-A*02:02,YDVAYQATV,430
HLA-A*02:02,YFVAYQATV,430
HLA-A*02:02,YKVAYQATV,430
HLA-A*02:02,YLVAYQATD,430
HLA-A*02:02,YLVAYQATF,430
HLA-A*02:02,YLVAYQATK,430
HLA-A*02:02,YLVAYQATP,430
HLA-A*02:02,YLVAYQATQ,430
HLA-A*02:02,YPVAYQATV,430
HLA-A*02:02,FLSHDFTLV,0.062
HLA-A*02:02,FLHKRFTLV,0.256
HLA-A*02:02,FLSHNFTLV,0.047
HLA-A*02:02,SLSHDFTLV,0.305
HLA-A*02:02,SLSHNFTLV,0.135
HLA-A*02:02,SLNRNFTLV,0.143
HLA-A*02:02,FVDYNFSLV,0.503
HLA-A*02:02,FANYNFTLL,0.084
HLA-A*02:02,LMYDIINSV,0.218
HLA-A*02:02,GLFDFVNFV,0.131
HLA-A*02:02,FLIVSLCPT,0.565
HLA-A*02:02,SLSAYIIRV,0.439
HLA-A*02:02,SLIYYQNEV,0.648
HLA-A*02:02,YLPEVISTI,0.554
HLA-A*02:02,YIIRVTTEL,0.856
HLA-A*02:02,SLVENNFFT,0.895
HLA-A*02:02,LMDSIFVST,0.343
HLA-A*02:02,AMLQLDPNA,21000
HLA-A*02:02,ALNIALIAV,0.699
HLA-A*02:02,ITMGSLFFV,0.64
HLA-A*02:02,FLVPFVVFL,0.1
HLA-A*31:01,LPADPASVL,20000
HLA-A*31:01,FQILHDRFF,20000
HLA-A*31:01,YQSMIRPPY,20000
HLA-A*31:01,FPHTELANL,20000
HLA-A*31:01,RPPYSSYGY,20000
HLA-A*31:01,TEAEKWPFF,20000
HLA-A*31:01,PVNRPIDWK,25000
HLA-A*31:01,TLWKAGILY,25000
HLA-A*31:01,FLKENKLNK,10000
HLA-A*31:01,GTGSGVSSK,10000
HLA-A*31:01,KSLYDEHIK,10000
HLA-A*31:01,LLACAGLAY,10000
HLA-A*31:01,LLIFHINGK,10000
HLA-A*31:01,RGDNFAVEK,10000
HLA-A*31:01,SLLSTNLPY,10000
HLA-A*31:01,SLYDEHIKK,10000
HLA-A*31:01,VLSHNSYEK,10000
HLA-A*31:01,AAFQSSMTK,10000
HLA-A*31:01,AIAQSSMTK,10000
HLA-A*31:01,AIFQSAMTK,10000
HLA-A*31:01,AIFQSSMAK,10000
HLA-A*31:01,AIFQSSMTA,10000
HLA-A*31:01,AIFQSSMTT,10000
HLA-A*31:01,AIFQSSMTY,10000
HLA-A*31:01,AKFQSSMTK,10000
HLA-A*31:01,ANFQSSMTK,10000
HLA-A*31:01,FIFQSSMTK,10000
HLA-A*31:01,GIFQSSMTK,10000
HLA-A*31:01,SIFQSSMTK,10000
HLA-A*31:01,ALNFPGSQK,10000
HLA-A*31:01,AVIFTPIYY,10000
HLA-A*31:01,LLYILFLVK,10000
HLA-A*31:01,PVVCSMEYK,10000
HLA-A*31:01,SISGKYDIK,10000
HLA-A*31:01,YQNFQNADK,10000
HLA-A*31:01,KGLGHDFLR,0.134
HLA-A*31:01,SGCYIHFFR,0.297
HLA-A*31:01,KFYGPFVDR,0.454
HLA-A*31:01,QTMLFTMLR,0.162
HLA-A*31:01,KVKYLYFIK,0.138
HLA-A*31:01,HLMGWDYPK,0.764
HLA-A*31:01,STLNFNNLR,0.14
HLA-A*31:01,KSYSLIRPK,0.861
HLA-A*31:01,ALYRRIQRR,0.75
HLA-A*31:01,IVLFQRFLR,0.185
HLA-A*31:01,ALFMYYAKR,0.449
HLA-A*31:01,RVLFSIFYK,0.861
HLA-A*31:01,SFIMRNFLR,0.142
HLA-A*31:01,YTFAISYCR,0.933
HLA-A*31:01,GIPYCNYSK,45000
HLA-A*31:01,GVVRVWDVK,45000
HLA-A*31:01,HIVGKSCPK,45000
HLA-A*31:01,HSNLTETFR,0.596
HLA-A*31:01,ILQLIRHGR,0.975
HLA-A*31:01,HLKVALYRR,0.197
HLA-A*31:01,MATMLEYVR,0.482
HLA-A*31:01,LVKSSFVKK,0.53
HLA-A*31:01,KMGAFMYTK,0.403
HLA-A*31:01,KSISKSNAK,0.454
HLA-A*31:01,SMTIREFPR,0.164
HLA-A*31:01,FMRFFQLLR,0.668
HLA-A*31:01,KAMLYIIRR,0.319
HLA-A*31:01,GSWATSSFR,0.56
HLA-A*31:01,TIQRFSSLR,0.55
HLA-A*31:01,KSLLLLNTR,0.627
HLA-A*31:01,TTVNTLSER,0.799
HLA-A*31:01,NMKPNFWSR,0.349
HLA-A*31:01,VTSSGTIYK,0.577
HLA-A*31:01,AMLTAFFLR,0.31
HLA-A*31:01,KALKINWYK,0.11
HLA-A*31:01,RVPSHLAHR,0.845
HLA-A*31:01,SALTLHWFR,0.247
HLA-A*31:01,MYFHRRDLR,0.137
HLA-A*31:01,WSLMYFHRR,0.548
HLA-B*58:01,NAAEPEQPW,5000
HLA-B*58:01,LSIFDTSLF,5000
HLA-B*58:01,ATLNICNFW,5000
HLA-B*58:01,SSKMFNYFK,20000
HLA-B*58:01,LPADPASVL,20000
HLA-B*58:01,FQILHDRFF,20000
HLA-B*58:01,YQSMIRPPY,20000
HLA-B*58:01,FPHTELANL,20000
HLA-B*58:01,RPPYSSYGY,20000
HLA-B*58:01,TEAEKWPFF,20000
HLA-B*58:01,MASSVLLWM,0.3
HLA-B*58:01,WMADVPLQW,0.528
HLA-B*58:01,IAVASGLLW,0.661
HLA-B*58:01,RVMGITAEW,0.824
HLA-B*58:01,MGITAEWLW,0.436
HLA-B*58:01,ATGPVLTLW,0.422
HLA-B*58:01,KVMGITAEW,0.881
HLA-B*58:01,SLTKLAAAW,400
HLA-B*58:01,LTKLAAAWG,700
HLA-B*58:01,INTPAFEWY,510
HLA-B*58:01,KAGCQTYKW,29
HLA-B*58:01,AGCQTYKWE,230
HLA-B*58:01,RAVKPTGSA,510
HLA-B*58:01,SMAGSSAMI,230
HLA-B*58:01,SSAMILAAY,20
HLA-B*58:01,AAYHPQQFI,35
HLA-B*58:01,AAGGHNAVF,210
HLA-B*58:01,NGTHSWEYW,42
HLA-B*58:01,GTHSWEYWG,280
HLA-B*58:01,MSQIMYNYP,3808
HLA-B*58:01,QIMYNYPAM,12700
HLA-B*58:01,IMYNYPAML,163.8
HLA-B*58:01,MAGYAGTLQ,4009
HLA-B*58:01,EQAALQSAW,6283
HLA-B*58:01,QAALQSAWQ,44680
HLA-B*58:01,AALQSAWQG,1.69
HLA-B*58:01,SAWQGDTGI,26.01
HLA-B*58:01,WQGDTGITY,7879
HLA-B*58:01,DTGITYQAW,969.5
HLA-B*58:01,TGITYQAWQ,3889
HLA-B*58:01,GITYQAWQA,94.22
HLA-B*58:01,ITYQAWQAQ,184.6
HLA-B*58:01,TYQAWQAQW,128.2
HLA-B*58:01,YQAWQAQWN,1813
HLA-B*58:01,QAWQAQWNQ,4370
HLA-B*58:01,RAYHAMSST,11460
HLA-B*58:01,SSTHEANTM,1922
HLA-B*58:01,RAYHSMSST,20
HLA-B*58:01,MGRDIKVQF,260
HLA-A*03:01,ATGFKQSSK,300
HLA-A*03:01,KQSSKALQR,43
HLA-A*03:01,HSAYGEPRK,785.7
HLA-A*03:01,LLGDNQIMP,550
HLA-A*03:01,ASFDKAKLK,42
HLA-A*03:01,KVVNPLFEK,85
HLA-A*03:01,RTQNVLGEK,155
HLA-A*03:01,SVLNLVIVK,128
HLA-A*03:01,IVYRDGNPY,10
HLA-A*03:01,LPADPASVL,20000
HLA-A*03:01,FQILHDRFF,20000
HLA-A*03:01,YQSMIRPPY,20000
HLA-A*03:01,FPHTELANL,20000
HLA-A*03:01,RPPYSSYGY,20000
HLA-A*03:01,TEAEKWPFF,20000
HLA-A*03:01,AADKAAAAY,10000
HLA-A*03:01,ALAKAAAAV,10000
HLA-A*03:01,AYAKAAAAF,10000
HLA-A*03:01,ALAETSYVK,35.5
HLA-A*03:01,DLVGFLLLK,2750
HLA-A*03:01,LFRAVITKK,1000
HLA-A*03:01,LIIVLVMIA,5000
HLA-A*03:01,LVGFLLLKY,196.4
HLA-A*03:01,MSLEQRSLH,3548.4
HLA-A*03:01,SVMEVYDGR,1182.8
HLA-A*03:01,TSYVKVLEY,47.8
HLA-A*03:01,VGFLLLKYR,2500
HLA-A*03:01,ARLYGIRAK,5000
HLA-A*03:01,EADPTGHSY,5000
HLA-A*03:01,ELRSRYWAI,5000
HLA-A*03:01,GILGFVFTL,5000
HLA-A*03:01,KPIVQYDNF,5000
HLA-A*03:01,KRYEGLTQR,5000
HLA-A*03:01,LLGRNSFEV,5000
HLA-A*03:01,RRYQKSTEL,5000
HLA-A*03:01,SRYWAIRTR,5000
HLA-A*03:01,APRTLVYLL,5000
HLA-A*03:01,LLDVPTAAV,5000
HLA-A*03:01,SLLPAIVEL,5000
HLA-A*03:01,YLLPAIVHI,5000
HLA-A*03:01,KSLYDEHIK,10000
HLA-A*03:01,RGDNFAVEK,10000
HLA-A*03:01,AIFQSSMTT,10000
HLA-A*03:01,AKFQSSMTK,10000
HLA-A*03:01,ATSTRHPSK,0.599
HLA-A*03:01,VLAYMLFTK,0.179
HLA-A*03:01,AIMQVFFGY,0.695
HLA-A*03:01,STCFKLMLK,0.808
HLA-A*03:01,ALCTFLLNK,0.778
HLA-A*03:01,HLYLQYIRK,0.172
HLA-A*03:01,RLFYTFFSY,0.158
HLA-A*03:01,LLFASMGFK,0.874
HLA-A*03:01,HIVGKSCPK,11000
HLA-A*03:01,MLQKEYMER,11000
HLA-A*03:01,SAVIDALPR,11000
HLA-A*03:01,FFVFIHMVR,0.874
HLA-A*03:01,IIGPMFSGK,0.73
HLA-A*03:01,QTVDFTDCR,35500
HLA-A*03:01,ELYVSSSYK,0.73
HLA-A*03:01,VTRKCPQKK,0.762
HLA-A*03:01,LVKSSFVKK,0.49
HLA-A*03:01,KMGAFMYTK,0.743
HLA-A*03:01,ILAALFMYY,0.175
HLA-A*03:01,SVYGDTLEK,32
HLA-A*03:01,KLRHLNEKR,188
HLA-A*03:01,IEITCVYCK,200
HLA-A*03:01,CIDFYSRIR,273
HLA-A*03:01,GLYNLLIRC,313
HLA-A*03:01,FKDLFVVYR,330
HLA-A*03:01,LFVVYRDSI,441
HLA-A*03:01,DIEITCVYC,462
HLA-A*03:01,RQERLQRRR,484
HLA-A*03:01,LLIRCLRCQ,508
HLA-A*03:01,LIRCLRCQK,526
HLA-A*03:01,LQDIEITCV,625
HLA-A*03:01,HLNEKRRFH,667
HLA-A*03:01,YNLLIRCLR,833
HLA-A*03:01,DLFVVYRDS,1000
HLA-A*03:01,HTMLCMCCK,73
HLA-A*03:01,IILECVYCK,3703
HLA-A*03:01,SLYGTTLEQ,3750
HLA-A*03:01,RIKEHMLKK,542
HLA-A*03:01,KLGGALQAK,216
HLA-A*02:06,YVFTLLFQL,0.59
HLA-A*02:06,FTIAMWLLL,0.2
HLA-A*02:06,KLIEYSDFA,0.71
HLA-A*02:06,FLAHLQWFA,0.57
HLA-A*02:06,TQWSLFFFV,0.81
HLA-A*02:06,FTLGIMAIA,0.71
HLA-A*02:06,FLLPSLATV,0.41
HLA-A*02:06,SMWALVISV,0.79
HLA-A*02:06,NLLDSYFVV,0.89
HLA-A*02:06,YTMADLVYA,0.26
HLA-A*02:06,FVDEFYAYL,0.36
HLA-A*02:06,YLDAYNMMI,0.28
HLA-A*02:06,MMISAGFSL,0.14
HLA-A*02:06,LLLDDFVEI,0.73
HLA-A*02:06,AQFLYLYAL,0.35
HLA-A*02:06,YLYALIYFL,0.67
HLA-A*02:06,FLLVTLAIL,0.48
HLA-A*02:06,LVIGFLFLA,0.095
HLA-A*02:06,FVLAAVYRI,0.44
HLA-A*02:06,ALIARCWYL,0.98
HLA-A*02:06,LLLEWLAEV,0.11
HLA-A*02:06,AQMGTLLIA,0.44
HLA-A*02:06,MLLNVQTLI,0.22
HLA-A*02:06,SVIFYFISI,0.17
HLA-A*02:06,YLLMHLVSL,0.25
HLA-A*02:06,YLLFNHFSV,0.73
HLA-A*02:06,SIMAFILGI,0.42
HLA-A*02:06,WVMDTLNGI,0.73
HLA-A*02:06,PAHLINKLL,42529
HLA-A*02:06,RQVSVKLLI,0.13
HLA-A*02:06,STYPGNTFV,0.46
HLA-A*02:06,MIGNYFSGV,0.32
HLA-A*02:06,SLAGGIIGV,0.14
HLA-A*02:06,YTYSGLFCV,0.84
HLA-A*02:06,KVIQYLAYV,0.21
HLA-A*02:06,FAIEALAKA,0.43
HLA-A*02:06,KLKDVLLQV,0.2
HLA-A*02:06,ELAAHQKKI,100
HLA-A*02:06,ACAKAAAAV,370
HLA-A*02:06,ADAKAAAAV,370
HLA-A*02:06,AFAKAAAAV,370
HLA-A*02:06,AKAKAAAAV,370
HLA-A*02:06,ALAKAAAAA,370
HLA-A*02:06,ALAKAAAAC,370
HLA-A*02:06,ALAKAAAAF,370
HLA-A*02:06,ALAKAAAAG,370
HLA-A*02:06,ALAKAAAAN,370
HLA-A*02:06,ALAKAAAAP,370
HLA-A*02:06,ALAKAAAAR,370
HLA-A*02:06,ALAKAAAAS,370
HLA-A*02:06,ALAKAAAAT,370
HLA-A*02:06,ANAKAAAAV,370
HLA-A*02:06,APAKAAAAV,370
HLA-A*02:06,YDVAYQATV,370
HLA-A*02:06,YFVAYQATV,370
HLA-A*02:06,YKVAYQATV,370
HLA-A*02:06,YLVAYQATD,370
HLA-A*02:06,YLVAYQATF,370
HLA-A*02:06,YLVAYQATK,370
HLA-A*02:06,YLVAYQATP,370
HLA-A*02:06,YLVAYQATQ,370
HLA-A*02:06,YPVAYQATV,370
HLA-A*02:06,ALAKAAAAY,370
HLA-A*02:06,FLSHDFTLV,0.765
HLA-A*02:06,FLSHNFTLV,0.445
HLA-A*02:06,SLNRNFTLV,0.69
HLA-A*02:06,FANYKFTLV,0.469
HLA-A*02:06,FVDYNFSLV,0.655
HLA-A*02:06,FANYNFTLV,0.006
HLA-A*02:06,FVNYDFTIV,0.383
HLA-A*02:06,FANYGFTLA,0.447
HLA-A*02:06,FANYNFTLL,0.122
HLA-A*02:06,FILGIIITV,0.166
HLA-A*02:06,GLFDFVNFV,0.995
HLA-A*02:06,VLYDEFVTI,0.83
HLA-A*02:06,RVYEALYYV,0.908
HLA-A*02:06,KLLWFLTGT,0.156
HLA-A*02:06,IIPFIAYFV,0.293
HLA-A*02:06,TLLGLILFV,0.766
HLA-A*02:06,RLEVIGLTT,49800
HLA-A*02:06,EAFETQSGA,49700
HLA-A*02:06,TIEDDKIVT,49700
HLA-A*02:06,FLSLSLLVI,10000
HLA-A*02:06,ITMGSLFFV,0.26
HLA-A*02:06,VVFVVFMGV,0.92
HLA-A*02:06,LVISGLFPV,0.36
HLA-A*02:06,IILEFFLIV,0.384
HLA-A*02:06,FTILALFLA,0.746
HLA-B*27:06,SRYWAIRTR,20000
HLA-B*27:06,RRRWRRLTV,200
HLA-B*27:06,SRSALLAQM,1000
HLA-B*27:06,VRNKDLNTL,3000
HLA-B*27:06,HRFIYLINH,45000
HLA-B*27:06,KRAVGIGAL,1000
HLA-B*27:06,RRYPDAVYL,2000
HLA-B*27:06,RRAIATPGM,2000
HLA-B*27:06,ARRGGVKRI,1000
HLA-B*27:06,RRRESEKSL,900
HLA-B*27:06,GRRYGLIGL,1000
HLA-B*27:06,ARVGGVKRI,700
HLA-B*27:06,ARFGGVKRI,4000
HLA-B*27:06,GRVYGLIGL,1000
HLA-B*27:06,GRFYGLIGL,3000
HLA-B*27:06,RRVESEKSL,2000
HLA-B*27:06,RRFESEKSL,3000
HLA-B*27:06,FRYNGLIHR,20000
HLA-B*27:06,GRLTKHTKF,4000
HLA-B*27:06,KRFEGLTQR,40000
HLA-B*27:06,KRGILTLKY,40000
HLA-B*27:06,KRKKAYADF,1000
HLA-B*27:06,KRYKSIVKY,2000
HLA-B*27:06,RRISGVDRY,40000
HLA-B*27:06,RRSKEITVR,30000
HLA-B*27:06,RRWLPAGDA,30000
HLA-B*38:01,YVFPVIFSR,541
HLA-B*38:01,KMQEDYALF,539
HLA-B*38:01,KRHKEFALF,1102
HLA-B*38:01,KMQKEHALF,12136
HLA-B*38:01,KTQKEYALF,40585
HLA-B*38:01,ARYQGHVGA,46
HLA-B*38:01,FAYQGHVGA,5305
HLA-B*38:01,FRAQGHVGA,391
HLA-B*38:01,FRYAGHVGA,31
HLA-B*38:01,FRYQAHVGA,6380
HLA-B*38:01,FRYQGAVGA,12
HLA-B*38:01,FRYQGHAGA,72
HLA-B*38:01,FRYQGHVAA,6
HLA-B*38:01,FRYQGHVGA,24
HLA-B*38:01,CRYQGHVGA,158
HLA-B*38:01,FCYQGHVGA,3095
HLA-B*38:01,FRCQGHVGA,144
HLA-B*38:01,FRYCGHVGA,22
HLA-B*38:01,FRYQCHVGA,200
HLA-B*38:01,FRYQGCVGA,16
HLA-B*38:01,FRYQGHCGA,246
HLA-B*38:01,FRYQGHVCA,57
HLA-B*38:01,FRYQGHVGC,339
HLA-B*38:01,DRYQGHVGA,542
HLA-B*38:01,FDYQGHVGA,30667
HLA-B*38:01,FRDQGHVGA,945
HLA-B*38:01,FRYDGHVGA,239
HLA-B*38:01,FRYQDHVGA,1036
HLA-B*38:01,FRYQGDVGA,73
HLA-B*38:01,FRYQGHDGA,71
HLA-B*38:01,FRYQGHVDA,11
HLA-B*38:01,FRYQGHVGD,1253
HLA-B*38:01,ERYQGHVGA,233
HLA-B*38:01,FEYQGHVGA,1659
HLA-B*38:01,FREQGHVGA,1741
HLA-B*38:01,FRYEGHVGA,3088
HLA-B*38:01,FRYQEHVGA,174
HLA-B*38:01,FRYQGEVGA,41
HLA-B*38:01,FRYQGHEGA,61
HLA-B*38:01,FRYQGHVEA,7
HLA-B*38:01,FRYQGHVGE,2390
HLA-B*38:01,FFYQGHVGA,12175
HLA-B*38:01,FRFQGHVGA,195
HLA-B*38:01,FRYFGHVGA,20
HLA-B*38:01,FRYQFHVGA,3
HLA-B*38:01,FRYQGFVGA,11
HLA-B*38:01,FRYQGHFGA,131
HLA-B*38:01,FRYQGHVFA,45
HLA-B*38:01,FRYQGHVGF,2633
HLA-B*38:01,GRYQGHVGA,311
HLA-B*38:01,FGYQGHVGA,1420
HLA-B*38:01,FRGQGHVGA,907
HLA-B*38:01,FRYGGHVGA,9
HLA-B*38:01,FRYQGGVGA,15
HLA-B*38:01,FRYQGHGGA,52
HLA-B*38:01,FRYQGHVGG,52
HLA-B*38:01,HRYQGHVGA,68
HLA-B*38:01,FHYQGHVGA,1935
HLA-B*38:01,FRHQGHVGA,1959
HLA-B*38:01,FRYHGHVGA,92
HLA-B*38:01,FRYQHHVGA,25
HLA-B*38:01,FRYQGHHGA,67
HLA-B*38:01,FRYQGHVHA,16
HLA-B*38:01,FRYQGHVGH,1021
HLA-B*38:01,IRYQGHVGA,163
HLA-B*38:01,FIYQGHVGA,922
HLA-B*38:01,FRIQGHVGA,8985
HLA-B*38:01,FRYIGHVGA,44
HLA-B*38:01,FRYQIHVGA,14
HLA-B*38:01,FRYQGIVGA,10
HLA-B*38:01,FRYQGHIGA,84
HLA-B*38:01,FRYQGHVIA,18
HLA-B*38:01,FRYQGHVGI,237
HLA-B*38:01,KRYQGHVGA,261
HLA-B*38:01,FKYQGHVGA,234
HLA-B*38:01,FRKQGHVGA,1571
HLA-B*38:01,FRYKGHVGA,31
HLA-B*38:01,FRYQKHVGA,143
HLA-B*38:01,FRYQGKVGA,27
HLA-B*38:01,FRYQGHKGA,304
HLA-B*38:01,FRYQGHVKA,60
HLA-B*38:01,FRYQGHVGK,2450
HLA-B*38:01,LRYQGHVGA,285
HLA-B*38:01,FLYQGHVGA,1417
HLA-B*38:01,FRLQGHVGA,781
HLA-B*38:01,FRYLGHVGA,95
HLA-B*38:01,FRYQLHVGA,31
HLA-B*38:01,FRYQGLVGA,10
HLA-B*38:01,FRYQGHLGA,51
HLA-B*38:01,FRYQGHVLA,29
HLA-B*38:01,FRYQGHVGL,344
HLA-B*38:01,MRYQGHVGA,33
HLA-B*38:01,FMYQGHVGA,53
HLA-B*38:01,FRMQGHVGA,150
HLA-B*38:01,FRYMGHVGA,839
HLA-B*38:01,FRYQMHVGA,20
HLA-B*38:01,FRYQGMVGA,51
HLA-B*38:01,FRYQGHMGA,106
HLA-B*38:01,FRYQGHVMA,37
HLA-B*38:01,FRYQGHVGM,1384
HLA-B*38:01,NRYQGHVGA,189
HLA-B*38:01,FNYQGHVGA,799
HLA-B*38:01,FRNQGHVGA,797
HLA-B*38:01,FRYNGHVGA,115
HLA-B*38:01,FRYQNHVGA,33
HLA-B*38:01,FRYQGNVGA,18
HLA-B*38:01,FRYQGHNGA,816
HLA-B*38:01,FRYQGHVNA,11
HLA-B*38:01,FRYQGHVGN,1530
HLA-B*38:01,PRYQGHVGA,5445
HLA-B*38:01,FPYQGHVGA,1744
HLA-B*38:01,FRPQGHVGA,134
HLA-B*38:01,FRYPGHVGA,31
HLA-B*38:01,FRYQPHVGA,13
HLA-B*38:01,FRYQGPVGA,58
HLA-B*38:01,FRYQGHPGA,113
HLA-B*38:01,FRYQGHVPA,35
HLA-B*38:01,FRYQGHVGP,6513
HLA-B*38:01,QRYQGHVGA,412
HLA-B*38:01,FQYQGHVGA,160
HLA-B*38:01,FRQQGHVGA,274
HLA-B*38:01,FRYQQHVGA,47
HLA-B*38:01,FRYQGQVGA,54
HLA-B*38:01,FRYQGHQGA,279
HLA-B*38:01,FRYQGHVQA,88
HLA-B*38:01,FRYQGHVGQ,1118
HLA-B*38:01,RRYQGHVGA,183
HLA-B*38:01,FRRQGHVGA,1365
HLA-B*38:01,FRYRGHVGA,94
HLA-B*38:01,FRYQRHVGA,56
HLA-B*38:01,FRYQGRVGA,29
HLA-B*38:01,FRYQGHRGA,221
HLA-B*38:01,FRYQGHVRA,51
HLA-B*38:01,FRYQGHVGR,1268
HLA-B*38:01,SRYQGHVGA,166
HLA-B*38:01,FSYQGHVGA,315
HLA-B*38:01,FRSQGHVGA,315
HLA-B*38:01,FRYSGHVGA,1158
HLA-B*38:01,FRYQSHVGA,13
HLA-B*38:01,FRYQGSVGA,84
HLA-B*38:01,FRYQGHSGA,105
HLA-B*38:01,FRYQGHVSA,2
HLA-B*38:01,FRYQGHVGS,121
HLA-B*38:01,TRYQGHVGA,96
HLA-B*38:01,FTYQGHVGA,1453
HLA-B*38:01,FRTQGHVGA,1628
HLA-B*38:01,FRYTGHVGA,46
HLA-B*38:01,FRYQTHVGA,513
HLA-B*38:01,FRYQGTVGA,143
HLA-B*38:01,FRYQGHTGA,119
HLA-B*38:01,FRYQGHVTA,10
HLA-B*38:01,FRYQGHVGT,166
HLA-B*38:01,VRYQGHVGA,202
HLA-B*38:01,FVYQGHVGA,1893
HLA-B*38:01,FRVQGHVGA,416
HLA-B*38:01,FRYVGHVGA,1460
HLA-B*38:01,FRYQVHVGA,17
HLA-B*38:01,FRYQGVVGA,58
HLA-B*38:01,FRYQGHVVA,25
HLA-B*38:01,FRYQGHVGV,95
HLA-B*38:01,WRYQGHVGA,42
HLA-B*38:01,FWYQGHVGA,21513
HLA-B*38:01,FRWQGHVGA,87
HLA-B*38:01,FRYWGHVGA,82
HLA-B*38:01,FRYQWHVGA,5
HLA-B*38:01,FRYQGWVGA,618
HLA-B*38:01,FRYQGHWGA,208
HLA-B*38:01,FRYQGHVWA,23
HLA-B*38:01,FRYQGHVGW,1029
HLA-B*38:01,YRYQGHVGA,35
HLA-B*38:01,FYYQGHVGA,21512
HLA-B*38:01,FRYYGHVGA,114
HLA-B*38:01,FRYQYHVGA,4
HLA-B*38:01,FRYQGYVGA,148
HLA-B*38:01,FRYQGHYGA,18
HLA-B*38:01,FRYQGHVYA,17
HLA-B*38:01,FRYQGHVGY,3481
HLA-A*68:01,KSMREEYRK,1134
HLA-A*68:01,TLWKAGILY,25000
HLA-A*68:01,KLRKPKHKK,10000
HLA-A*68:01,KSLYDEHIK,10000
HLA-A*68:01,RGDNFAVEK,10000
HLA-A*68:01,RINEEKHEK,10000
HLA-A*68:01,SLLSTNLPY,10000
HLA-A*68:01,AIFQSSMTA,10000
HLA-A*68:01,AIFQSSMTT,10000
HLA-A*68:01,AIFQSSMTY,10000
HLA-A*68:01,AKFQSSMTK,10000
HLA-A*68:01,AYFQSSMTK,10000
HLA-A*68:01,ALNFPGSQK,10000
HLA-A*68:01,VLRENTSPK,10000
HLA-A*68:01,ALERLLSLK,10000
HLA-A*68:01,ALKISQLQK,10000
HLA-A*68:01,IFLRFIPDK,10000
HLA-A*68:01,KSMLKELIK,10000
HLA-A*68:01,PVLTSLFNK,10000
HLA-A*68:01,RFYITTRYK,10000
HLA-A*68:01,YQNFQNADK,10000
HLA-A*68:01,SGCYIHFFR,0.271
HLA-A*68:01,GVIRSIFAR,0.519
HLA-A*68:01,LSAGVEFLK,0.244
HLA-A*68:01,TVWEVQGYK,0.913
HLA-A*68:01,FASFYYIWK,0.105
HLA-A*68:01,STLNFNNLR,0.561
HLA-A*68:01,TTYMDTFFR,0.051
HLA-A*68:01,AVFKDSFLR,0.821
HLA-A*68:01,TTAFFNTCK,0.947
HLA-A*68:01,RVIWMDAYK,0.827
HLA-A*68:01,YTFAISYCR,0.418
HLA-A*68:01,NTFPNITLK,0.779
HLA-A*68:01,YTFFSYLMK,0.813
HLA-A*68:01,HIVGKSCPK,26700
HLA-A*68:01,FFVFIHMVR,0.024
HLA-A*68:01,EIIFLKLFK,0.699
HLA-A*68:01,YTLFQQTGR,0.384
HLA-A*68:01,HSNLTETFR,0.414
HLA-A*68:01,DAVRAFLLR,0.831
HLA-A*68:01,NAILHNIYR,0.565
HLA-A*68:01,LAISAVYFK,0.704
HLA-A*68:01,MVSDTIMKR,0.794
HLA-A*68:01,FVKFNDYRK,0.9
HLA-A*68:01,DIFVSLVKK,0.538
HLA-A*68:01,HTYHLENDK,0.338
HLA-A*68:01,ELIDVLKTR,0.485
HLA-A*68:01,IITPVVFYR,0.018
HLA-A*68:01,ETKITFALK,0.932
HLA-A*68:01,DSMDVLAEK,0.122
HLA-A*68:01,FMVSVSDFR,0.398
HLA-A*68:01,FAYVMNIER,0.38
HLA-A*68:01,TTVNTLSER,0.384
HLA-A*68:01,MLIFNVKSK,0.841
HLA-A*68:01,STFWPCLLR,0.97
HLA-A*68:01,EAAASAIQG,800
HLA-A*68:01,NVTSIHSLL,7
HLA-A*68:01,EAYQGVQQK,40
HLA-A*68:01,AVYLLDGLR,220
HLA-A*68:01,NTPAFEWYY,130
HLA-A*68:01,QSSFYSDWY,1200
HLA-A*68:01,SSFYSDWYS,110
HLA-A*68:01,DWYSPACGK,160
HLA-A*68:01,ETFLTSELP,660
HLA-A*68:01,LPQWLSANR,58
HLA-A*68:01,WLSANRAVK,220
HLA-A*68:01,LSMAGSSAM,1300
HLA-A*68:01,SSAMILAAY,110
HLA-A*68:01,AAYHPQQFI,25000
HLA-A*68:01,AMGDAGGYK,460
HLA-A*68:01,NFVRSSNLK,2500
HLA-A*68:01,FVRSSNLKF,79
HLA-A*68:01,AVFNFPPNG,7.6
HLA-A*68:01,GTHSWEYWG,11000
HLA-A*68:01,WGAQLNAMK,290
HLA-A*68:01,EQAALQSAW,10520
HLA-A*68:01,WQGDTGITY,11410
HLA-A*68:01,ITYQAWQAQ,8723
HLA-A*68:01,QAWQAQWNQ,6698
HLA-A*68:01,HAMSSTHEA,6334
HLA-A*68:01,ANTMAMMAR,3155
HLA-A*68:01,MAMMARDTA,5245
HLA-A*68:01,MMARDTAEA,10770
HLA-A*68:01,RDTAEAAKW,12950
HLA-A*68:01,TTFLQTMLR,1
HLA-A*24:02,AYVHMVTHF,23
HLA-A*24:02,KYPENFFLL,4.8
HLA-A*24:02,YYEEQHPEL,100
HLA-A*24:02,CYSLYGTTL,137
HLA-A*24:02,RFHNIRGRW,220
HLA-A*24:02,RAHYNIVTF,290
HLA-A*24:02,VYDFAFRDL,360
HLA-A*24:02,SSKMFNYFK,20000
HLA-A*24:02,LPADPASVL,20000
HLA-A*24:02,FQILHDRFF,20000
HLA-A*24:02,YQSMIRPPY,20000
HLA-A*24:02,FPHTELANL,20000
HLA-A*24:02,RPPYSSYGY,20000
HLA-A*24:02,IMSKDKPTI,1981
HLA-A*24:02,HYAYMVPGW,220.3
HLA-A*24:02,KYVDYMSSL,507.1
HLA-A*24:02,AADKAAAAY,10000
HLA-A*24:02,ALAAAAAAK,10000
HLA-A*24:02,ALAKAAAAV,10000
HLA-A*24:02,ATAAAAAAK,10000
HLA-A*24:02,ATAKAAAAY,10000
HLA-A*24:02,ATDKAAAAY,10000
HLA-A*24:02,IMPKTGFLI,3.8
HLA-A*24:02,NYKHCFPEI,2.5
HLA-A*24:02,ARLYGIRAK,5000
HLA-A*24:02,AVDLSHFLK,5000
HLA-A*24:02,EADPTGHSY,5000
HLA-A*24:02,ELRSRYWAI,5000
HLA-A*24:02,ILKEPVHGV,5000
HLA-A*24:02,IVTDFSVIK,5000
HLA-A*24:02,KPIVQYDNF,5000
HLA-A*24:02,KRYEGLTQR,5000
HLA-A*24:02,LLGRNSFEV,5000
HLA-A*24:02,RRYQKSTEL,5000
HLA-A*24:02,SRYWAIRTR,5000
HLA-A*24:02,WLSLLVPFV,5000
HLA-A*24:02,IYPNASLLI,0.8
HLA-A*24:02,GYYDAQKLL,10000
HLA-A*24:02,CFLIFHFFL,10000
HLA-A*24:02,HFFLFLLYI,10000
HLA-A*24:02,LYILFLVKM,10000
HLA-A*24:02,NFINFIKVL,10000
HLA-A*24:02,RMTSLKNEL,10000
HLA-A*24:02,VFQSATKII,0.211
HLA-A*24:02,LYMAISPKF,0.698
HLA-A*24:02,LYIIKLVFL,0.268
HLA-A*24:02,YFVASFRLF,0.111
HLA-A*24:02,LQTTIHDII,1100
HLA-A*24:02,MHQKRTAMF,4489
HLA-A*24:02,LLRREVYDF,4782
HLA-A*24:02,LYSSTVPVF,10
HLA-A*24:02,SGSEAYQGV,9
HLA-A*24:02,AYQGVQQKW,10
HLA-A*24:02,GWDINTPAF,100
HLA-A*24:02,KAGCQTYKW,70
HLA-A*24:02,CQTYKWETF,30
HLA-A*24:02,QTYKWETFL,20
HLA-A*24:02,TYKWETFLT,2000
HLA-A*24:02,QWLSANRAV,2000
HLA-A*24:02,SMAGSSAMI,200
HLA-A*24:02,YAGSLSALL,1000
HLA-A*24:02,VANNTRLWV,4000
HLA-A*24:02,YWGAQLNAM,8
HLA-A*24:02,QIMYNYPTM,2000
HLA-A*24:02,IMYNYPTML,800
HLA-A*24:02,MYNYPTMLG,200
HLA-A*24:02,MYNYPAMLD,30
HLA-A*24:02,MYNYPTMLD,20
HLA-A*24:02,GYAGTLQNL,100
HLA-A*24:02,AYAQKIFKI,9
HLA-B_1501,MMKDEPVVF,8812.4
HLA-B_1501,KIGMFNLTF,0.209
HLA-B_1501,KTINALVYF,0.366
HLA-B_1501,GINKRSTPF,0.723
HLA-B_1501,RLFYTFFSY,0.373
HLA-B_1501,YSKLTSMHF,0.574
HLA-B_1501,MSIISFFPF,0.168
HLA-B_1501,RSANTSAPF,0.681
HLA-B_1501,MSIDHCSSF,0.952
HLA-B_1501,HINKLFSVF,0.915
HLA-B_1501,FLLSLVEFF,0.816
HLA-B_1501,KVSCSMLEF,0.84
HLA-B_1501,AMIELCGAF,0.336
HLA-B_1501,YVFFEIIHF,0.692
HLA-B_1501,KTIARFTYF,0.195
HLA-B_1501,LLLSINSSF,0.883
HLA-B_1501,EQKAYVPAM,0.773
HLA-B_1501,LLWFLTGTF,0.776
HLA-B_1501,LIANIHNHM,0.668
HLA-B_1501,YMIERFISF,0.109
HLA-B_1501,RLNPEVSYF,0.304
HLA-B_1501,SQVKCCHYF,0.921
HLA-B_1501,YQNHGFVSF,0.173
HLA-B_1501,FVYVPELSF,0.963
HLA-B_1501,HMAYSFQTF,0.246
HLA-B_1501,LLFYTRHRF,0.846
HLA-B_1501,LMTGTLAVF,0.4
HLA-B_1501,LMMRTTWAL,0.12
HLA-B_1501,LQSGVDVFF,0.93
HLA-B_1501,RMVLAFITF,0.79
HLA-B_1501,CLIPTVMAF,0.64
HLA-B_1501,AQMWTLMYF,0.725
HLA-B_1501,AQMWSLMYF,0.33
HLA-A_0201,ADAKAAAAV,10000
HLA-A_0201,ALAKAAAAN,10000
HLA-A_0201,ALAKAAAAR,10000
HLA-A_0201,EADPTGHSY,10000
HLA-A_0201,FLGGTTVCL,29
HLA-A_0201,GLLGDNQIM,980.4
HLA-A_0201,IMPKTGFLI,649.4
HLA-A_0201,KVADLVGFL,574.7
HLA-A_0201,RALAETSYV,500
HLA-A_0201,FLPSDFFPS,117
HLA-A_0201,LLDVPTAAV,17
HLA-A_0201,SLLPAIVEL,24
HLA-A_0201,SAICSVVRR,1429
HLA-A_0201,SVYDFFVWL,36
HLA-A_0201,GALLPGNLV,500
HLA-A_0201,FLSHDFTLV,0.46
HLA-A_0201,FLSHNFTLV,0.61
HLA-A_0201,ILSPFMPLL,45
HLA-A_0201,QLFHLCLII,130
HLA-A_0201,FLGGTPVCL,238
HLA-A_0201,IISCTCPTV,263
HLA-A_0201,FINKLNGAM,24171.7
HLA-A_0201,GTETKITFA,45186.5
HLA-A_0201,ITFALKKLI,10804.9
HLA-A_0201,YLFGGFSTL,355.1
HLA-A_0201,SSKMFNYFK,20000
HLA-A_0201,LPADPASVL,20000
HLA-A_0201,FQILHDRFF,20000
HLA-A_0201,YQSMIRPPY,20000
HLA-A_0201,FPHTELANL,20000
HLA-A_0201,RPPYSSYGY,20000
HLA-A_0201,TEAEKWPFF,20000
HLA-A_0201,FLWEDQTLL,0.58
HLA-A_0201,FLITGVFDI,0.33
HLA-A_0201,YLSSVLLAL,0.55
HLA-A_0201,CLDAGINYV,0.91
HLA-A_0201,KLFTIAMWL,0.46
HLA-A_0201,FTIAMWLLL,0.54
HLA-A_0201,MLFTKFFYL,0.17
HLA-A_0201,QLMCQPILL,0.96
HLA-A_0201,VLAALVCYI,0.81
HLA-A_0201,KLIEYSDFA,0.54
HLA-A_0201,LMSFTILCL,0.14
HLA-A_0201,FLAHLQWFA,0.1
HLA-A_0201,VLAWLYAAV,0.43
HLA-A_0201,TQWSLFFFV,0.77
HLA-A_0201,FLLPSLATV,0.34
HLA-A_0201,SMWALVISV,0.27
HLA-A_0201,FLARAIVFV,0.65
HLA-A_0201,VLSFCAFAV,0.63
HLA-A_0201,NLLDSYFVV,0.48
HLA-A_0201,YTMADLVYA,0.87
HLA-A_0201,VMCGGSLYV,0.39
HLA-A_0201,FVDEFYAYL,0.22
HLA-A_0201,LMIERFVSL,0.53
HLA-A_0201,YLDAYNMMI,0.76
HLA-A_0201,MMISAGFSL,0.22
HLA-A_0201,YLNTLTLAV,0.81
HLA-A_0201,TLIGDCATV,0.7
HLA-A_0201,TIYSHLLLV,0.2
HLA-A_0201,AQFLYLYAL,0.39
HLA-A_0201,YLYALIYFL,0.18
HLA-A_0201,LLYDANYFV,0.31
HLA-A_0201,FLAFVVFLL,0.24
HLA-A_0201,FLLVTLAIL,0.77
HLA-A_0201,FLWLLWPVT,0.93
HLA-A_0201,HLVDFQVTI,0.75
HLA-A_0201,LIDFYLCFL,0.9
HLA-A_0201,YLCFLAFLL,0.35
HLA-A_0201,ALIARCWYL,0.46
HLA-A_0201,LLLEWLAEV,0.22
HLA-A_0201,YLMCLSPLM,0.34
HLA-A_0201,YLLCCNYKL,0.36
HLA-A_0201,LMSTLLIYL,0.13
HLA-A_0201,YLYALYSPL,0.13
HLA-A_0201,LIMYSVIGV,0.55
HLA-A_0201,LLNLLLWPL,0.073
HLA-A_0201,NLLLWPLYV,0.12
HLA-A_0201,LLLWPLYVL,0.21
HLA-A_0201,YQSFLFWFL,0.76
HLA-A_0201,RLFSYNFTT,0.23
HLA-A_0201,SIFGFQAEV,0.54
HLA-A_0201,MLMFIFTGI,0.38
HLA-A_0201,LLMMTLPSI,0.11
HLA-A_0201,FLAIKLYGV,0.23
HLA-A_0201,YIIKNTFNV,0.54
HLA-A_0201,VLLTYFCFV,0.28
HLA-A_0201,MLNFSIYSV,0.15
HLA-A_0201,YILCNMALL,0.38
HLA-A_0201,FLLLTSIPI,0.11
HLA-A_0201,YLMDKLNLT,0.64
HLA-A_0201,MLLALVALV,0.42
HLA-A_0201,LMDSIFVST,0.72
HLA-A_0201,GLLDRLYDL,0.13
HLA-A_0201,RLVDFFPDI,0.14
HLA-A_0201,YTIERIFNA,0.56
HLA-A_0201,KTMAVTYEL,0.4
HLA-A_0201,RILPYTFKI,0.54
HLA-A_0201,RQIFIHYSV,0.65
HLA-A_0201,FLHNYILYA,0.54
HLA-A_0201,YLSAKVYML,0.6
HLA-A_0201,YLDFLLLLL,0.43
HLA-A_0201,YLSIYGFGV,0.21
HLA-A_0201,TLAPFNFLV,0.22
HLA-A_0201,FVFAWFNGV,0.38
HLA-A_0201,YIIDWMVDI,0.92
HLA-A_0201,SMLGIWFFT,0.65
HLA-A_0201,FTLIDIWFL,0.49
HLA-A_0201,TLIDIWFLA,0.49
HLA-A_0201,FLSRVFFCV,0.81
HLA-A_0201,FIISVISLV,0.91
HLA-A_0201,FLIPKGFYA,0.82
HLA-A_0201,KLFYVYYNL,0.49
HLA-A_0201,FIADIGIGV,0.3
HLA-A_0201,FIDSNEYEV,0.98
HLA-A_0201,FLSYISDTV,0.54
HLA-A_0201,LLSEIRFYI,0.79
HLA-A_0201,ILPVIFLSI,0.66
HLA-A_0201,VLDTTLYAV,0.6
HLA-A_0201,KVYDKLFPV,0.34
HLA-A_0201,FLHTTFIDV,0.46
HLA-A_0201,FLSRLVLYA,0.075
HLA-A_0201,MTFGDIPLV,0.98
HLA-A_0201,HLMFYTLPI,0.67
HLA-A_0201,FLAVLSPTI,0.66
HLA-A_0201,YLLFNHFSV,0.27
HLA-A_0201,FAAELTIGV,0.32
HLA-A_0201,YMMGIEYGL,0.12
HLA-A_0201,ALWIPDLFM,0.14
HLA-A_0201,YITALNHLV,0.71
HLA-A_0201,ALNHLVLSL,0.45
HLA-A_0201,RLLDDLVIV,0.65
HLA-A_0201,MLNGIMYRL,0.35
HLA-A_0201,MLMEVFPQL,0.15
HLA-A_0201,SIMAFILGI,0.18
HLA-A_0201,FILGIIITV,0.11
HLA-A_0201,MLDDFSAGA,0.43
HLA-A_0201,TLLGLILFV,0.045
HLA-A_0201,VLALYSPPL,0.19
HLA-A_0201,LMIFISSFL,0.32
HLA-A_0201,MIFISSFLL,0.39
HLA-A_0201,FISSFLLPL,0.84
HLA-A_0201,FLLPLTSLV,0.79
HLA-A_0201,ALLSRFFNM,0.61
HLA-A_0201,VMYAFTTPL,0.87
HLA-A_0201,TLYDFDYYI,0.14
HLA-A_0201,WLIGFDFDV,0.06
HLA-A_0201,WLYGYNFII,0.19
HLA-A_0201,FLFFATSDV,0.16
HLA-A_0201,SMSSYDFST,0.34
HLA-A_0201,LLSAINFKI,0.54
HLA-A_0201,ILYDNVVTL,0.51
HLA-A_0201,FILHRLHEI,0.65
HLA-A_0201,ALATFTVNI,0.6
HLA-A_0201,SLDVINYLI,0.55
HLA-A_0201,KLGNLLLLI,0.43
HLA-A_0201,FLDNECHTI,0.78
HLA-A_0201,ILASIIDYV,0.61
HLA-A_0201,GMANTTFHV,0.41
HLA-A_0201,NVFKYLTSV,0.75
HLA-A_0201,ILQYDLWNV,0.17
HLA-A_0201,STQQNKLVI,41122
HLA-A_0201,LLIKTLSPA,0.66
HLA-A_0201,WIKNLETYT,49546
HLA-A_0201,ITPNNLNKI,33504
HLA-A_0201,CMAFTIPSI,0.9
HLA-A_0201,VLYNGVNYL,0.25
HLA-A_0201,LLSYYVVYV,0.46
HLA-A_0201,GLFQLIFFL,0.44
HLA-A_0201,GLLQFIVFL,0.007
HLA-A_0201,YVMTMILFL,0.065
HLA-A_0201,ILAETVAKV,15200
HLA-A_0201,SLFNTIAVL,94
HLA-A_0201,SLYLTVATL,36
HLA-A_0201,SLANTVATL,42
HLA-A_0201,SLYNVVATL,23
HLA-A_0201,ALYNTAAAL,160
HLA-A_0201,SLYNTIAVL,39
HLA-A_0201,SLYNTVAVL,39
HLA-A_0201,SLFNTVAVL,54
HLA-A_0201,SLYNAVATL,29
HLA-A_0201,SLYNSVATL,55
HLA-A_0201,SLYNAIATL,36
HLA-A_0201,SLYNLVAVL,27
HLA-A_0201,SLYQTVATL,28
HLA-A_0201,ALYNTVATL,67
HLA-A_0201,SLYNTAATL,91
HLA-A_0201,SLYNTVAAL,54
HLA-A_0201,SLLDKIIGA,15000
HLA-A_0201,SLSEKTVLL,21000
HLA-A_0201,MLVCGDDLV,5000
HLA-A_0201,SVIDCNTCV,5000
HLA-A_0201,SMVGNWAKV,5000
HLA-A_0201,DLCGSVFLV,5000
HLA-A_0201,YLFNWAVRT,5000
HLA-A_0201,RLGPTLMCL,1780
HLA-A_0201,SLAGGIIGV,0.56
HLA-A_0201,RLAVYIDKV,0.16
HLA-A_0201,QLLDVKLAL,0.06
HLA-A_0201,YTYSGLFCV,0.12
HLA-A_0201,KVIQYLAYV,0.67
HLA-A_0201,FLSNGHVTI,0.11
HLA-A_0201,GLLRVISGV,0.21
HLA-A_0201,FMDGKQACV,0.18
HLA-A_0201,SLQEEIAFL,0.99
HLA-A_0201,DLTTKNVSI,465
HLA-A_0201,ELAAHQKKI,38
HLA-A_0201,VLMIKALEL,0.15
HLA-A_0201,AALGRGHSL,32085.4
HLA-A_0201,ALILAASPV,26332.8
HLA-A_0201,ALMLACTGL,10781
HLA-A_0201,FVWYVDTVI,802.21
HLA-A_0201,IIKDAPPGA,15437.4
HLA-A_0201,ILLENPAAE,18744.2
HLA-A_0201,LAMPWTFHA,1173.66
HLA-A_0201,MIYMSGLAV,2859.07
HLA-A_0201,MLACTGLPL,2415.55
HLA-A_0201,QSIVEAPEL,46028.7
HLA-A_0201,SGLAVRVHV,10603
HLA-A_0201,VIDGQKVLA,35248.6
HLA-A_0201,VKLGGVYEA,9594.24
HLA-A_0201,VSSPPPVSV,49526.8
HLA-A_0201,YMIYMSGLA,407.29
HLA-A_0201,YQTYTEWSV,383.69
HLA-A_0201,ALAAIASAA,12274.2
HLA-A_0201,ALADVPYVL,5531.94
HLA-A_0201,AMQGAVVHL,2649.74
HLA-A_0201,AMTHLSPAL,162.37
HLA-A_0201,AMYGKHITL,197.53
HLA-A_0201,FQTYALTGI,1320.33
HLA-A_0201,FTHADGWFL,13984.4
HLA-A_0201,HFIGYIYEV,16.06
HLA-A_0201,HLSPALADV,443.63
HLA-A_0201,IIQEFAADL,4152.81
HLA-A_0201,ILPILVLAL,25.37
HLA-A_0201,ITSYVGFSV,4394.65
HLA-A_0201,IVVEAGELV,9862.46
HLA-A_0201,KLASGGGAV,39062.5
HLA-A_0201,KLLHHILPI,311.66
HLA-A_0201,LLGSHVARA,2353.43
HLA-A_0201,LLHHILPIL,1469.06
HLA-A_0201,LLNAGGTLL,2568.86
HLA-A_0201,LMGPLQVNA,628.95
HLA-A_0201,LTWLAILAV,4093.4
HLA-A_0201,RKMLYLIYV,5452.59
HLA-A_0201,RLRKMLYLI,14868.3
HLA-A_0201,SLADISLGA,91.1
HLA-A_0201,SLFAILSST,1419.78
HLA-A_0201,SLFAPHGNV,7093.03
HLA-A_0201,STYELLDYL,8005.81
HLA-A_0201,SVAMKPYEV,2533.06
HLA-A_0201,TLAKALSAA,3249.36
HLA-A_0201,TLNASNLTL,4457.92
HLA-A_0201,TLSSAHGNV,48601
HLA-A_0201,VLAPRLYLT,7975.3
HLA-A_0201,VLVKTNMVV,11400.2
HLA-A_0201,WLTWLAILA,40062.9
HLA-A_0201,WVMTDNSNV,29196.4
HLA-A_0201,YVLVKTNMV,3960.99
HLA-A_0201,ALAPAPAEV,52
HLA-A_0201,ALDINLPNV,500
HLA-A_0201,GLAETEVPV,500
HLA-A_0201,HLMDEAVEV,500
HLA-A_0201,LLSDLSVRL,500
HLA-A_0201,VMSELEFYL,100
HLA-A_0201,VMAPRTLVL,10470
HLA-A_0201,ALLDKLYAL,1180
HLA-A_0201,ALVVQVAEA,2580
HLA-A_0201,FLMDFIHQV,240
HLA-A_0201,LLDRFLATV,560
HLA-A_0201,AADKAAAAY,10000
HLA-A_0201,ALAAAAAAK,10000
HLA-A_0201,ATAAAAAAK,10000
HLA-A_0201,ATAKAAAAY,10000
HLA-A_0201,ATDKAAAAY,10000
HLA-A_0201,AYAKAAAAF,10000
HLA-A_0201,DLVHFASPL,16667
HLA-A_0201,LTINKEEAL,30000
HLA-A_0201,PLTINKEEA,30000
HLA-A_0201,ALGLVCVQA,333.3
HLA-A_0201,ALGLVCVQM,5000
HLA-A_0201,ALREEEEGV,238.1
HLA-A_0201,FLWGPRALA,119
HLA-A_0201,GLVCVQAAT,2173.9
HLA-A_0201,KVLEYVIKV,55.6
HLA-A_0201,LVLGTLEEV,156.3
HLA-A_0201,SLHCKPEEA,384.6
HLA-A_0201,VADLVGFLL,2500
HLA-A_0201,YVLVTCLGL,2173.9
HLA-A_0201,NAPPAYEKL,25000
HLA-A_0201,PVVPNAPPA,25000
HLA-A_0201,ARLYGIRAK,5000
HLA-A_0201,AVDLSHFLK,5000
HLA-A_0201,ELRSRYWAI,5000
HLA-A_0201,KPIVQYDNF,5000
HLA-A_0201,KRYEGLTQR,5000
HLA-A_0201,RRYQKSTEL,5000
HLA-A_0201,SRYWAIRTR,5000
HLA-A_0201,GLQSQQGHL,5000
HLA-A_0201,GLSRPLLRL,5000
HLA-A_0201,LLDDEAGPL,5000
HLA-A_0201,PLEEELPRL,5000
HLA-A_0201,PLPIHTAEL,5000
HLA-A_0201,RLGLSRPLL,5000
HLA-A_0201,AAPLILSRI,30000
HLA-A_0201,NLDRSNDKV,30000
HLA-A_0201,QIPSYKKLI,30000
HLA-A_0201,FPVRPQVPL,35000
HLA-A_0201,LPSDFFPSV,35000
HLA-A_0201,NVSIPWTHK,35000
HLA-A_0201,AANDPIFVV,10000
HLA-A_0201,AARPDDPTL,10000
HLA-A_0201,ALDLAKKRV,10000
HLA-A_0201,ATGRNECDV,10000
HLA-A_0201,CLERDLQRL,10000
HLA-A_0201,GAQGQFPRV,10000
HLA-A_0201,GLFVLLAFL,10000
HLA-A_0201,ITTQHWLGL,10000
HLA-A_0201,LAFLQYRRL,10000
HLA-A_0201,LVALVGLFV,10000
HLA-A_0201,NCERKKPPV,10000
HLA-A_0201,NCSVYDFFV,10000
HLA-A_0201,QGRGQCTEV,10000
HLA-A_0201,QMGRNSMKL,10000
HLA-A_0201,STFSFRNAL,10000
HLA-A_0201,TLKDIRDCL,10000
HLA-A_0201,TTQHWLGLL,10000
HLA-A_0201,VIRQNIHSL,10000
HLA-A_0201,WLGLLGPNG,10000
HLA-A_0201,YTPLMETHL,10000
HLA-A_0201,ACAKAAAAV,500
HLA-A_0201,AFAKAAAAV,500
HLA-A_0201,AGAKAAAAV,500
HLA-A_0201,AKAKAAAAV,500
HLA-A_0201,ALAKAAAAC,500
HLA-A_0201,ALAKAAAAF,500
HLA-A_0201,ALAKAAAAG,500
HLA-A_0201,ALAKAAAAP,500
HLA-A_0201,ALAKAAAAS,500
HLA-A_0201,ALAKAAAAT,500
HLA-A_0201,ALAKAAAAY,500
HLA-A_0201,ANAKAAAAV,500
HLA-A_0201,APAKAAAAV,500
HLA-A_0201,YDVAYQATV,500
HLA-A_0201,YKVAYQATV,500
HLA-A_0201,YLVAYQATD,500
HLA-A_0201,YLVAYQATK,500
HLA-A_0201,YLVAYQATP,500
HLA-A_0201,YLVAYQATQ,500
HLA-A_0201,YPVAYQATV,500
HLA-A_0201,NILIVLYYL,10000
HLA-A_0201,RTFHIFYYL,0.163
HLA-A_0201,FLHKRFTLV,0.614
HLA-A_0201,ALPRNMVIT,12500
HLA-A_0201,SILRVGTLT,25000
HLA-A_0201,TMDGILKSI,25000
HLA-A_0201,AVWDQYKDL,12500
HLA-A_0201,DLFATQPGL,12500
HLA-A_0201,ELSGYCSNI,12500
HLA-A_0201,ELTLTNTSI,12500
HLA-A_0201,GLTYSQLMT,12500
HLA-A_0201,GMSGGNQGA,12500
HLA-A_0201,IMKNHLRDI,12500
HLA-A_0201,LLSQRTRDI,12500
HLA-A_0201,FLYCYFALV,1.3
HLA-A_0201,LLDAHIPQL,0.39
HLA-A_0201,AIVFDHYDV,43424
HLA-A_0201,STSRVPYDI,43424
HLA-A_0201,ALKNNGKVV,43424
HLA-A_0201,SLKRTGHGV,43424
HLA-A_0201,GVQGGFVSA,43424
HLA-A_0201,GLTFKGPGA,43424
HLA-A_0201,RIILNGSLL,43424
HLA-A_0201,FVYVNGKKI,43424
HLA-A_0201,KALETDVPA,43424
HLA-A_0201,QVHSSLSVV,43424
HLA-A_0201,MTEQTDEAV,43424
HLA-A_0201,VAVNGPVAV,28175
HLA-A_0201,WMTYTGGVM,28175
HLA-A_0201,MTYTGGVMT,28175
HLA-A_0201,LLVGYNDSA,28175
HLA-A_0201,VTLPTGQCL,28175
HLA-A_0201,LLTTSGVSA,28175
HLA-A_0201,STHCSGPSV,28175
HLA-A_0201,DLNLGNLNV,25000
HLA-A_0201,ITMGSLFFV,0.16
HLA-A_0201,FLTDYIPGA,0.7
HLA-A_0201,FLVPFVVFL,0.1
HLA-A_0201,MLLMLLPTA,0.482
HLA-A_0201,LLMRTSWAL,0.09
HLA-A_0201,RTNDWDFVV,167
HLA-A_0201,YLSTERDHV,100
HLA-A_0201,FLETDAGRV,100
HLA-A_0201,ILIEGIFFV,0.03
HLA-A_0201,ILIEGIFFA,0.15
HLA-A_0201,ILIEGVFFA,0.16
HLA-A_0201,LLIEGIFFI,0.12
HLA-A_0201,QLCTELQTT,25000
HLA-A_0201,IQGNVTSIH,1000
HLA-A_0201,SLLDEGKQS,1000
HLA-A_0201,KLAAAWGGS,96.56
HLA-A_0201,VQQKWDATA,5
HLA-A_0201,ALQNLARTI,30
HLA-A_0201,NLARTISEA,30
HLA-A_0201,FEWYYQSGL,714
HLA-A_0201,YQSGLSIVM,47.4
HLA-A_0201,GLSIVMPVG,67
HLA-A_0201,QTYKWETFL,272
HLA-A_0201,LSMAGSSAM,244
HLA-A_0201,MAGSSAMIL,692.6
HLA-A_0201,AAYHPQQFI,555.1
HLA-A_0201,VANNTRLWV,470
HLA-A_0201,GTHSWEYWG,1917
HLA-A_0201,AMKGDLQSS,200
HLA-A_0201,SQIMYNYPT,1000
HLA-A_0201,QIMYNYPTM,3000
HLA-A_0201,IMYNYPTML,400
HLA-A_0201,AMLDHAGDM,80
HLA-A_0201,MLDHAGDMA,60
HLA-A_0201,LLITSNINA,7244
HLA-A_0201,YLTAPTGCI,19952
HLA-A_0201,YIIFVYIPL,19053
HLA-A_0201,VLLCVCLLI,9118
HLA-A_0201,VLLLWITAA,3388
HLA-A_0201,AILDINNTV,10472
HLA-A_0201,LIDQYLYYL,4540
HLA-B_2705,ARHTPVNSW,338
HLA-B_2705,ARMILMTHF,1.1
HLA-B_2705,GQYGNPLNK,13000
HLA-B_2705,KRFGKAYNL,8000
HLA-B_2705,QRTDVLTGL,29000
HLA-B_2705,RRLGVQQSL,5000
HLA-B_2705,SRYTGINQF,7000
HLA-B_2705,IRENPVYEK,38000
HLA-B_2705,KRQAIKTAF,26000
HLA-B_2705,LRRYLENGK,30000
HLA-B_2705,KRAVGIGAL,12000
HLA-B_2705,RRYPDAVYL,3000
HLA-B_2705,RRAIATPGM,3000
HLA-B_2705,GRLTKHTKF,40000
HLA-B_2705,KRYKSIVKY,14000
HLA-B_2705,KRGILTLKY,42000
HLA-B_2705,GRLNEPIKV,17000
HLA-B_2705,SRAAEKLYL,22000
HLA-B_2705,KRFEGLTQR,2000
HLA-B_2705,KRKKAYADF,20000
HLA-B_2705,RRIKEIVKK,800
HLA-B_2705,RRVKEVVKK,2000
HLA-B_2705,RRWLPAGDA,4000
HLA-B_2705,ERSGLYPQK,41.687
HLA-B_2705,SRHHLPVQR,50.003
HLA-B_2705,SRLDLVQKK,56.364
HLA-B_2705,RRSFAPVKR,81.283
HLA-B_2705,KRWHLVQQV,88.512
HLA-B_2705,RRVMLAVKR,88.512
HLA-B_2705,RRHHLAGRK,99.312
HLA-B_2705,ERVPLIVGR,103.992
HLA-B_2705,ERVVLVHRV,108.893
HLA-B_2705,GRIDKPALK,119.399
HLA-B_2705,GRAFVTIGK,122.462
HLA-B_2705,RRADRTIKK,127.057
HLA-B_2705,RRLDVTIKK,128.233
HLA-B_2705,GRIAKPILK,131.826
HLA-B_2705,SRWMQFDAK,132.739
HLA-B_2705,IRLRPGGKK,155.239
HLA-B_2705,GRIDKPILK,170.216
HLA-B_2705,RRWMLIQRR,170.608
HLA-B_2705,RRRVIGQRK,194.089
HLA-B_2705,RQVIPIIGK,195.884
HLA-B_2705,GRIDKPIAK,205.116
HLA-B_2705,VRIMLPLVK,211.349
HLA-B_2705,RRHHIGGQF,212.814
HLA-B_2705,ERVVLAGGK,212.814
HLA-B_2705,GRIQLYVAR,213.796
HLA-B_2705,GRIDAPILK,234.423
HLA-B_2705,GRIDKAILK,237.684
HLA-B_2705,IRIHLPPLR,241.546
HLA-B_2705,VRRQLPQAV,246.604
HLA-B_2705,RRRFITRKR,248.886
HLA-B_2705,RRVWIQVVK,262.422
HLA-B_2705,LRWHCCACK,269.774
HLA-B_2705,ARIDKPILK,278.612
HLA-B_2705,VRRALYLGK,281.838
HLA-B_2705,RRSKEITVR,290.402
HLA-B_2705,IRRVLYLAK,292.415
HLA-B_2705,VRICHRLRK,299.226
HLA-B_2705,RRLVVTLQC,309.742
HLA-B_2705,PRVFLFGAK,311.889
HLA-B_2705,ARPEIIVLR,322.849
HLA-B_2705,RRGACHAKK,330.37
HLA-B_2705,VQQWLTWCN,334.195
HLA-B_2705,RRYQKSTEL,338.844
HLA-B_2705,RRIMRSWGK,343.558
HLA-B_2705,IRTQLVEQK,346.737
HLA-B_2705,RRMRHLEKK,355.631
HLA-B_2705,TRTVQVQKV,358.096
HLA-B_2705,IRIFATYAK,360.579
HLA-B_2705,MRTFSWPKC,364.754
HLA-B_2705,ARHHLPLGK,370.681
HLA-B_2705,TRHHLLASV,372.392
HLA-B_2705,DRIKGVVKK,377.572
HLA-B_2705,TRIMESWGK,380.189
HLA-B_2705,IRQQLIYLK,384.592
HLA-B_2705,RRIMESWLK,396.278
HLA-B_2705,RRSALQYKV,397.192
HLA-B_2705,SRYWAIRTR,399.945
HLA-B_2705,IRHWHTYLH,407.38
HLA-B_2705,CRMWLTCHK,414.954
HLA-B_2705,RRRHHPHHV,420.727
HLA-B_2705,PRYHIYVVV,425.598
HLA-B_2705,RRIVIIGLV,434.51
HLA-B_2705,RRHFPFVLF,442.588
HLA-B_2705,FRYWAIRTR,457.088
HLA-B_2705,RRRWRRLTV,461.318
HLA-B_2705,GREMFRLGK,464.515
HLA-B_2705,NRIMGCIGK,472.063
HLA-B_2705,VRRMLLAMV,475.335
HLA-B_2705,RRGWEVLKY,475.335
HLA-B_2705,GRADKPILK,485.289
HLA-B_2705,WRICQIGCK,489.779
HLA-B_2705,MRLHILHQK,500.035
HLA-B_2705,TRHVLNVKY,503.501
HLA-B_2705,GRWYCRGVR,509.331
HLA-B_2705,GRIDKPILA,552.077
HLA-B_2705,VRAQLTFGL,567.545
HLA-B_2705,LRCIPVWMK,575.44
HLA-B_2705,FRRGACHAK,578.096
HLA-B_2705,HRSDFQWRK,580.764
HLA-B_2705,CRGVRAVRR,582.103
HLA-B_2705,WRNINFHKK,588.844
HLA-B_2705,RQAWRIICK,599.791
HLA-B_2705,ERTTLGRKK,599.791
HLA-B_2705,ARAMESAKK,618.016
HLA-B_2705,GRICPQYRN,633.87
HLA-B_2705,RRQHIYPQR,644.169
HLA-B_2705,VRNAALVIK,650.13
HLA-B_2705,QRRMIYTWK,672.977
HLA-B_2705,SRHRMWWEK,690.24
HLA-B_2705,ERRCSRWGK,701.455
HLA-B_2705,ARYWAIRTR,704.693
HLA-B_2705,LRYDIWTRK,706.318
HLA-B_2705,RRTLHYYFV,714.496
HLA-B_2705,WRRWLYVLW,714.496
HLA-B_2705,RRIRESWLK,716.143
HLA-B_2705,WRRDVHMQV,726.106
HLA-B_2705,KRTHLTVGV,732.825
HLA-B_2705,TRRQLFPNK,734.514
HLA-B_2705,ERIVLVGFR,739.605
HLA-B_2705,YRMTASCDT,781.628
HLA-B_2705,LRYWAIRTR,818.465
HLA-B_2705,SRVNLTGKV,845.279
HLA-B_2705,RRTYFDNGK,847.227
HLA-B_2705,CRAREPHVY,857.038
HLA-B_2705,KRRVVQREK,887.156
HLA-B_2705,ELRSRYWAI,909.913
HLA-B_2705,HRYPILAGH,914.113
HLA-B_2705,RRIYDLIEL,966.051
HLA-B_2705,RQLWVIICK,966.051
HLA-B_2705,KRYEGLTQR,993.116
HLA-B_2705,RRYPNAVYL,1078.947
HLA-B_2705,RRHACRSCF,1114.295
HLA-B_2705,ERSMLLELK,1169.499
HLA-B_2705,VRRAFDGLR,1188.502
HLA-B_2705,VRGLPVCCV,1199.499
HLA-B_2705,FRYNGLIHR,1207.814
HLA-B_2705,WRCHDDRWK,1227.439
HLA-B_2705,LRKHNCGFS,1233.105
HLA-B_2705,ARWWQHDEK,1244.515
HLA-B_2705,KRSLDIVNM,1370.882
HLA-B_2705,ERRLAYVGV,1442.115
HLA-B_2705,RRISGVDRY,1452.112
HLA-B_2705,FLRGRAYGI,1496.236
HLA-B_2705,DCKTILKAL,1563.148
HLA-B_2705,TEADVQQWL,1588.547
HLA-B_2705,VRHHDVRAV,1694.338
HLA-B_2705,MRVTAPRTL,1770.109
HLA-B_2705,RARWRRLTV,1790.606
HLA-B_2705,ERFFAPWQV,1857.804
HLA-B_2705,VRTQPPVIM,1883.649
HLA-B_2705,RRIYDLIAL,1909.853
HLA-B_2705,DPKVKQWPL,2009.093
HLA-B_2705,KQWPLTEEK,2032.357
HLA-B_2705,RRIRQGLER,2182.73
HLA-B_2705,TRDWFNRSH,2249.055
HLA-B_2705,GRQAEMEKK,2306.747
HLA-B_2705,CRPIRDAYK,2365.92
HLA-B_2705,SRKTIDNSR,2716.439
HLA-B_2705,VRKNTDFLK,3026.913
HLA-B_2705,DRRQLTQLK,3443.499
HLA-B_2705,RVMAPRALL,3475.362
HLA-B_2705,ERRMEVYLY,4487.454
HLA-B_2705,ARQIKDIWK,4909.079
HLA-B_2705,RWGFTTPDK,5116.818
HLA-B_2705,VRADFRDSR,5357.967
HLA-B_2705,WRRRSRSAK,5584.702
HLA-B_2705,ARLTMLMAM,6501.297
HLA-B_2705,CRRCRWTEK,6606.934
HLA-B_2705,SRSWIMTID,7498.942
HLA-B_2705,YKFSGFTQK,7762.471
HLA-B_2705,TRKVLPVLC,10616.956
HLA-B_2705,EREMLIARV,10814.34
HLA-B_2705,RQARRNRRR,11830.416
HLA-B_2705,QRPLVTIKI,13708.818
HLA-B_2705,WRRAAPAEE,21183.611
HLA-B_2705,VRCSCHVGA,21232.445
HLA-B_2705,RRAAPAEES,22233.099
HLA-B_2705,IRSMAVVGC,22490.546
HLA-B_2705,QRCIEHLDK,23933.158
HLA-B_2705,APRTLVYLL,26363.314
HLA-B_2705,GRFTKEGTL,33728.731
HLA-B_2705,GREVTMEIL,35399.734
HLA-B_2705,ARETFLGVI,41879.357
HLA-B_2705,GRDEDMSIK,44258.837
HLA-B_2705,LVMAPRTVL,48528.85
HLA-B_0801,SSKMFNYFK,20000
HLA-B_0801,LPADPASVL,20000
HLA-B_0801,FQILHDRFF,20000
HLA-B_0801,YQSMIRPPY,20000
HLA-B_0801,RPPYSSYGY,20000
HLA-B_0801,TEAEKWPFF,20000
HLA-B_0801,AAHARFVAA,0.22
HLA-B_0801,YLFIRKNVI,0.706
HLA-B_0801,ILRKIFYSV,0.102
HLA-B_0801,FIKNKIHLL,0.821
HLA-B_0801,VVAMRHLSL,0.976
HLA-B_0801,FLKHKYGSL,0.135
HLA-B_0801,FPRYHSIEL,0.492
HLA-B_0801,LIRNKRLSL,0.783
HLA-B_0801,FMYTKHSML,0.2
HLA-B_0801,NLLCHIYSL,0.307
HLA-B_0801,SIRFHIKEL,0.453
HLA-B_0801,FFKQTFGSL,0.735
HLA-B_0801,VLRTKITSL,0.92
HLA-B_0801,NARLKPLDI,0.813
HLA-B_0801,MPTYKHLIM,0.13
HLA-B_0801,TGFMRFFQL,0.97
HLA-B_0801,WLRAKRKPA,0.629
HLA-B_0801,RLKTRIRNL,0.694
HLA-B_0801,ALRSRIREL,0.455
HLA-B_0801,ENMLRSMPV,0.213
HLA-B_0801,LFLRRRCPL,0.125
HLA-B_0801,FIRYRMHPM,0.208
HLA-B_0801,MSKIKHKIF,0.842
HLA-B_0801,FIKQGFNNL,0.912
HLA-B_0801,LIRPKILSM,0.548
HLA-B_0801,YMIERFISF,0.351
HLA-B_0801,KLLRRPFSL,0.362
HLA-B_0801,FYRKKFRPL,0.088
HLA-B_0801,MLLKKLNSF,0.573
HLA-B_0801,QIKVRVDMV,994
HLA-B_0801,ELRRKMMYM,105
HLA-B_0801,TTSTRTWAL,7450
HLA-A_2902,FPHTELANL,20000
HLA-A_2902,TEAEKWPFF,20000
HLA-A_2902,TFEFTSFFY,0.1
HLA-A_2902,CFLIFHFFL,10000
HLA-A_2902,EYEPTANLL,10000
HLA-A_2902,FFLKSKFNI,10000
HLA-A_2902,HFFLFLLYI,10000
HLA-A_2902,IYTIIQDQL,10000
HLA-A_2902,KFNILSSPL,10000
HLA-A_2902,KYEALIKLL,10000
HLA-A_2902,KYINFINFI,10000
HLA-A_2902,LEASISGKY,10000
HLA-A_2902,LYILFLVKM,10000
HLA-A_2902,LYYLFNQHI,10000
HLA-A_2902,NFINFIKVL,10000
HLA-A_2902,NHEQKLSEY,10000
HLA-A_2902,NVDQQNDMY,10000
HLA-A_2902,NYMKIMNHL,10000
HLA-A_2902,QAAESNERY,10000
HLA-A_2902,QEEQKKYIY,10000
HLA-A_2902,RMTSLKNEL,10000
HLA-A_2902,TWKPTIFLL,10000
HLA-A_2902,TYGIIVPVL,10000
HLA-A_2902,TYKKKNNHI,10000
HLA-A_2902,VFLVFSNVL,10000
HLA-A_2902,VYRHCEYIL,10000
HLA-A_2902,VYYNILIVL,10000
HLA-A_2902,YYNKSTEKL,10000
HLA-A_2902,VMYMGTLSY,0.092
HLA-A_2902,LAAEWVLAY,0.47
HLA-A_2902,YMLFTKFFY,0.023
HLA-A_2902,WFSQRGGSY,0.847
HLA-A_2902,QTFSVLACY,0.36
HLA-A_2902,LMNVITLVY,0.014
HLA-A_2902,PMDSTVKNY,0.448
HLA-A_2902,YSNRNRFLY,0.588
HLA-A_2902,HFISNSWLM,0.842
HLA-A_2902,MYIFFASFY,0.427
HLA-A_2902,KYTQLCQYL,0.323
HLA-A_2902,VFQSATKII,0.043
HLA-A_2902,LYLYALIYF,0.143
HLA-A_2902,LYMAISPKF,0.764
HLA-A_2902,YFVASFRLF,0.039
HLA-A_2902,FFLPIFSEF,0.921
HLA-A_2902,FFQDIPIFF,0.08
HLA-A_2902,KSCLPACVY,10000
HLA-A_2902,YYLEKANKI,10000
HLA-A_3002,CFLIFHFFL,10000
HLA-A_3002,EYEPTANLL,10000
HLA-A_3002,FFLFLLYIL,10000
HLA-A_3002,FFLKSKFNI,10000
HLA-A_3002,HFFLFLLYI,10000
HLA-A_3002,IYTIIQDQL,10000
HLA-A_3002,KYEALIKLL,10000
HLA-A_3002,LYILFLVKM,10000
HLA-A_3002,LYYLFNQHI,10000
HLA-A_3002,NFINFIKVL,10000
HLA-A_3002,NHEQKLSEY,10000
HLA-A_3002,NVDQQNDMY,10000
HLA-A_3002,QEEQKKYIY,10000
HLA-A_3002,VFLVFSNVL,10000
HLA-A_3002,YYNKSTEKL,10000
HLA-A_3002,FMGRIRSVY,0.157
HLA-A_3002,SSRMYCSFY,0.238
HLA-A_3002,VMYMGTLSY,0.56
HLA-A_3002,MMSAPPAEY,0.112
HLA-A_3002,GTFLCANEY,0.406
HLA-A_3002,YMLFTKFFY,0.681
HLA-A_3002,GMKRSFYVY,0.325
HLA-A_3002,HTLSIHDGY,0.411
HLA-A_3002,AYSFLPGVY,0.267
HLA-A_3002,TSNPKTPKY,0.228
HLA-A_3002,LMNVITLVY,0.38
HLA-A_3002,SSLPSYAAY,0.27
HLA-A_3002,HTSSMRGVY,0.131
HLA-A_3002,KISNCVADY,0.221
HLA-A_3002,YSNRNRFLY,0.453
HLA-A_3002,ILNFVAHVY,0.522
HLA-A_3002,RYWYLNHTV,0.603
HLA-A_3002,FYIQMCTEL,10000
HLA-A_3002,YYLEKANKI,10000
HLA-A_3002,KNENDQYIY,0.15
HLA-A_3002,ALITVSGLY,0.68
HLA-A_3002,RTWAYHGSY,0.19
HLA-A_3002,MTEQQWNFA,20
HLA-A_3002,SAIQGNVTS,30
HLA-A_3002,SIHSLLDEG,20
HLA-A_3002,LAAAWGGSG,7
HLA-A_3002,AAAWGGSGS,5
HLA-A_3002,AAWGGSGSE,300
HLA-A_3002,AWGGSGSEA,800
HLA-A_3002,WGGSGSEAY,400
HLA-A_3002,GVQQKWDAT,30
HLA-A_3002,VQQKWDATA,60
HLA-A_3002,QQKWDATAT,90
HLA-A_3002,ATATELNNA,300
HLA-A_3002,TATELNNAL,9
HLA-A_3002,LQNLARTIS,10
HLA-A_3002,RTISEAGQA,30
HLA-A_3002,AGQAMASTE,5
HLA-A_3002,AMASTEGNV,7
HLA-A_3002,PAVYLLDGL,90
HLA-A_3002,AVYLLDGLR,180
HLA-A_3002,RAQDDYNGW,500
HLA-A_3002,INTPAFEWY,730
HLA-A_3002,NTPAFEWYY,24
HLA-A_3002,YQSGLSIVM,770
HLA-A_3002,GQSSFYSDW,24
HLA-A_3002,QSSFYSDWY,570
HLA-A_3002,CGKAGCQTY,77
HLA-A_3002,QWLSANRAV,74
HLA-A_3002,LSMAGSSAM,2900
HLA-A_3002,SSAMILAAY,6.5
HLA-A_3002,SAMILAAYH,36
HLA-A_3002,AYHPQQFIY,100
HLA-A_3002,IYAGSLSAL,4000
HLA-A_3002,AMGDAGGYK,660
HLA-A_3002,KAADMWGPS,6.6
HLA-A_3002,KLVANNTRL,120
HLA-A_3002,VANNTRLWV,140
HLA-A_3002,ANNTRLWVY,17
HLA-A_3002,FVRSSNLKF,7800
HLA-A_3002,RSSNLKFQD,12000
HLA-A_3002,SNLKFQDAY,170
HLA-A_3002,NLKFQDAYN,14000
HLA-A_3002,KFQDAYNAA,7800
HLA-A_3002,AVFNFPPNG,2800
HLA-A_3002,VFNFPPNGT,31000
HLA-A_3002,NGTHSWEYW,1100
HLA-A_3002,GTHSWEYWG,25000
HLA-A_3002,MKGDLQSSL,20000
HLA-A_3002,SQIMYNYPT,4000
HLA-A_3002,MYNYPAMLD,2000
HLA-A_3002,TMLGHAGDM,5000
HLA-A_3002,AMLDHAGDM,700
HLA-A_3002,DHAGDMAGY,10
HLA-A_3002,LVRAYHSMS,10
HLA-A_3002,AYHSMSSTH,200
HLA-A_3002,HSMSSTHEA,6
HLA-A_3002,MGRDIKVQF,72.3
HLA-B_5301,MTAASYARY,20000
HLA-B_5301,SSKMFNYFK,20000
HLA-B_5301,FQILHDRFF,20000
HLA-B_5301,YQSMIRPPY,20000
HLA-B_5301,RPPYSSYGY,20000
HLA-B_5301,TEAEKWPFF,20000
HLA-B_5301,FVWYVDTVI,30237.1
HLA-B_5301,GGVPGGAVP,26655.8
HLA-B_5301,GYEAGFSLG,25968.9
HLA-B_5301,IPFQRALRL,2295.14
HLA-B_5301,KPLADIAVI,15707.9
HLA-B_5301,LPILVLALL,1401.46
HLA-B_5301,LSDAGHEHD,36474.6
HLA-B_5301,NPMHTIASI,4493.14
HLA-B_5301,SGEGRVNIG,3179.79
HLA-B_5301,TFEGKPALE,45954.5
HLA-B_5301,TFTGKVTNG,39895.4
HLA-B_5301,TPLGSLFAI,8191.57
HLA-B_5301,YPALRAALI,9499.76
HLA-B_5301,APQAAPLSI,42406.6
HLA-B_5301,AQQLKQADR,47191.7
HLA-B_5301,CPSSLGNGV,26362.5
HLA-B_5301,DASGQHRLW,25648
HLA-B_5301,DATFETYAL,4895.52
HLA-B_5301,EATEGDATL,46058.8
HLA-B_5301,EPQAELAVF,4521.85
HLA-B_5301,ESYSESHNF,6270.35
HLA-B_5301,ETFCITTIY,31082.2
HLA-B_5301,FAILSSTTE,47106.9
HLA-B_5301,FAISAYALK,4418.08
HLA-B_5301,FDTMLGFAI,2907.47
HLA-B_5301,FIYRETFCI,6625.9
HLA-B_5301,FPTRTTAPG,894.29
HLA-B_5301,GAASSYFEY,47300
HLA-B_5301,GVGLASTLW,12563.1
HLA-B_5301,HADWNNQSI,12371.3
HLA-B_5301,HSLYASYEY,42489.7
HLA-B_5301,IADSGFYLD,9991.37
HLA-B_5301,LAANGNGQW,1666.3
HLA-B_5301,LASDGSVDF,23121.9
HLA-B_5301,LAWALMLAC,6644.45
HLA-B_5301,LPVSLTALD,23061.1
HLA-B_5301,LSAALGADW,1693.26
HLA-B_5301,LVYYESIAY,11977.7
HLA-B_5301,MAAESTFES,24122.2
HLA-B_5301,MAAGHDATL,6125.72
HLA-B_5301,MHTIASILL,7401.51
HLA-B_5301,MPIDRKTLC,1625.01
HLA-B_5301,NPQTQLSNI,23595
HLA-B_5301,QAAPLSITL,4491.7
HLA-B_5301,QADRDFVWY,27186.4
HLA-B_5301,RAGLSPATW,27156.8
HLA-B_5301,SVAPNALAW,983.03
HLA-B_5301,TAGATPFDI,4912.25
HLA-B_5301,TAPVTSPAW,4357.58
HLA-B_5301,TLANVGDTW,614.53
HLA-B_5301,TPFDIKLKE,34717
HLA-B_5301,TPLPVSLTA,11833
HLA-B_5301,VAAAADLAL,21709.4
HLA-B_5301,YAEHGEVSI,11442.5
HLA-B_5301,YIWGLYPTY,48056.9
HLA-B_5301,DPDSFQDYI,25000
HLA-B_5301,DPIFLLHHA,25000
HLA-B_5301,EPGPVTAQV,25000
HLA-B_5301,FDVRPQVPL,48100
HLA-B_5301,FFVRPQVPL,48100
HLA-B_5301,FGVRPQVPL,48100
HLA-B_5301,FKVRPQVPL,48100
HLA-B_5301,FLVRPQVPL,48100
HLA-B_5301,FNVRPQVPL,48100
HLA-B_5301,FPVRPQVPA,1300
HLA-B_5301,FPVRPQVPC,1300
HLA-B_5301,FPVRPQVPD,1300
HLA-B_5301,FPVRPQVPH,1300
HLA-B_5301,FPVRPQVPN,1300
HLA-B_5301,FPVRPQVPQ,1300
HLA-B_5301,FPVRPQVPT,1300
HLA-B_5301,FPVRPQVPV,1300
HLA-B_5301,FQVRPQVPL,48100
HLA-B_5301,FTVRPQVPL,48100
HLA-B_5301,GPQFPFTGV,25000
HLA-B_5301,GPVTAQVVL,25000
HLA-B_5301,IPEPEGPDA,25000
HLA-B_5301,IPLYRNGDF,25000
HLA-B_5301,IPPSFLQAM,25000
HLA-B_5301,QPKKVKRRL,25000
HLA-B_5301,QPLTDAKVA,25000
HLA-B_5301,QPTLIGANA,25000
HLA-B_5301,SPISNVANA,25000
HLA-B_5301,SPLGERLEV,25000
HLA-B_5301,SPPITWPLL,25000
HLA-B_5301,SPRLKAICI,25000
HLA-B_5301,VPGTVVRTL,25000
HLA-B_5301,VPLAHSSSA,25000
HLA-B_5301,DPSRGRLGL,25000
HLA-B_5301,QPRPRGDNF,10000
HLA-B_5301,RPRGDNFAV,10000
HLA-B_5301,FPVRPQVPK,1300
HLA-B_5301,MPYVFTLLF,0.124
HLA-B_5301,FPGDKTSYW,0.121
HLA-B_5301,IPSTVKTNL,0.272
HLA-B_5301,LPYVGDTSM,0.129
HLA-B_5301,YPGNTFVNF,0.058
HLA-B_5301,WPNNCGWKI,0.241
HLA-B_5301,MPTDMLKLF,0.141
HLA-B_5301,NPIINTHSF,0.178
HLA-B_5301,LPNVDLTTM,0.222
HLA-B_5301,MPYNILDRI,0.1
HLA-B_5301,VPLPCQLMY,0.143
HLA-B_5301,TPVIVVPVI,0.388
HLA-B_5301,MASSVLLWM,0.61
HLA-B_5301,HPGFTILAL,0.3
HLA-B_5301,MALSIVSLF,0.55
HLA-B_5101,FPFVLAAII,0.92
HLA-B_5101,MPFAGLLII,0.94
HLA-B_5101,MPREDAHFI,0.46
HLA-B_5101,FLLPILSQI,20000
HLA-B_5101,SSKMFNYFK,20000
HLA-B_5101,FQILHDRFF,20000
HLA-B_5101,YQSMIRPPY,20000
HLA-B_5101,RPPYSSYGY,20000
HLA-B_5101,TEAEKWPFF,20000
HLA-B_5101,FDVRPQVPL,1300
HLA-B_5101,FFVRPQVPL,1300
HLA-B_5101,FKVRPQVPL,1300
HLA-B_5101,FLVRPQVPL,1300
HLA-B_5101,FNVRPQVPL,1300
HLA-B_5101,FPVRPQVPA,1300
HLA-B_5101,FPVRPQVPC,1300
HLA-B_5101,FPVRPQVPD,1300
HLA-B_5101,FPVRPQVPF,1300
HLA-B_5101,FPVRPQVPH,1300
HLA-B_5101,FPVRPQVPK,1300
HLA-B_5101,FPVRPQVPM,1300
HLA-B_5101,FPVRPQVPN,1300
HLA-B_5101,FPVRPQVPQ,1300
HLA-B_5101,FPVRPQVPT,1300
HLA-B_5101,FPVRPQVPW,1300
HLA-B_5101,FPVRPQVPY,1300
HLA-B_5101,FQVRPQVPL,1300
HLA-B_5101,FTVRPQVPL,1300
HLA-B_5101,SPLGERLEV,25000
HLA-B_5101,DPSRGRLGL,25000
HLA-B_5101,HPSDGKCNL,10000
HLA-B_5101,QPRPRGDNF,10000
HLA-B_5101,RPRGDNFAV,10000
HLA-B_5101,IPYCNYSKY,27500
HLA-B_5101,MPYNILDRI,0.411
HLA-B_5101,KPFNNILNL,500
HLA-B_0702,NPRMFLAMI,10.1
HLA-B_0702,APIMFSNKM,11.8
HLA-B_0702,RPLLIEGTA,306.5
HLA-B_0702,LPSLPGHTA,41
HLA-B_0702,SPLMVAYML,44.1
HLA-B_0702,GPVHFRNQV,71.4
HLA-B_0702,GPALSINEL,119
HLA-B_0702,YPKLKNSYV,176.5
HLA-B_0702,FPVRPQVPC,380
HLA-B_0702,FPVRPQVPD,380
HLA-B_0702,FPVRPQVPK,380
HLA-B_0702,FPVRPQVPN,380
HLA-B_0702,FPVRPQVPQ,380
HLA-B_0702,FPVRPQVPT,380
HLA-B_0702,FPVRPQVPY,380
HLA-B_0702,IPSYKKLIM,0.95
HLA-B_0702,HPRHYATVM,0.87
HLA-B_0702,SSKMFNYFK,20000
HLA-B_0702,FQILHDRFF,20000
HLA-B_0702,YQSMIRPPY,20000
HLA-B_0702,RPPYSSYGY,20000
HLA-B_0702,TEAEKWPFF,20000
HLA-B_0702,APPAPKPAP,21876.8
HLA-B_0702,KPAVSVKVA,1669.56
HLA-B_0702,LPKISKNAL,1635.74
HLA-B_0702,NPMHTIASI,1219.05
HLA-B_0702,NPYTSRRSV,274.24
HLA-B_0702,PASANTLLL,15670.3
HLA-B_0702,RPSVNGGRI,347.97
HLA-B_0702,RVTVSGGSL,14480
HLA-B_0702,SPMEVMLRA,47.27
HLA-B_0702,AAAEVAGAL,6109.98
HLA-B_0702,AALGRGHSL,19613.1
HLA-B_0702,APLSITLQA,553.37
HLA-B_0702,APQAAPLSI,2212.62
HLA-B_0702,APRIENTAK,4329.91
HLA-B_0702,ARRSRVRAL,15750.5
HLA-B_0702,EPASANTLL,15005.5
HLA-B_0702,FVRDGQSVI,5559.35
HLA-B_0702,FVRSGQPVI,17579.2
HLA-B_0702,GAASSRQAL,1085.03
HLA-B_0702,GPSAVAAPA,623.56
HLA-B_0702,HVRGMLVPV,6159.2
HLA-B_0702,KPAPQPGPQ,31703.6
HLA-B_0702,KPDRAARVA,461.02
HLA-B_0702,KPLADIAVV,5558.04
HLA-B_0702,LAAGAGLTL,7375.14
HLA-B_0702,LAARGDGAL,6341.2
HLA-B_0702,LAKALSAAL,17214.8
HLA-B_0702,LKRPGSSPM,3843.47
HLA-B_0702,LPILVLALL,1008.69
HLA-B_0702,LPKPVTVKL,2662.23
HLA-B_0702,LPSIPGTSI,115.75
HLA-B_0702,MLACTGLPL,1276.19
HLA-B_0702,MPKAPELDL,20990
HLA-B_0702,MQRQAGLPL,2239.27
HLA-B_0702,NITNKRAAL,22869.1
HLA-B_0702,PPRPVAAQV,17765.8
HLA-B_0702,QPLPPRPVA,8373.47
HLA-B_0702,RPQITDAVT,16321.6
HLA-B_0702,RTHGVGASL,1580.01
HLA-B_0702,RVAPPAVAL,349.45
HLA-B_0702,RVRALAWLL,413.42
HLA-B_0702,SPQPIRATV,148.9
HLA-B_0702,SPRRARRAL,13.76
HLA-B_0702,SPSRLAGTL,2185.67
HLA-B_0702,TPGWSIYGL,3109.17
HLA-B_0702,TPLGSAATF,1371.24
HLA-B_0702,VPFCFGKDL,12141.9
HLA-B_0702,YPGTPGDLL,3597.92
HLA-B_0702,YPTYTEWSV,4913.85
HLA-B_0702,EADPTGHSY,5000
HLA-B_0702,LLDVPTAAV,5000
HLA-B_0702,SLLPAIVEL,5000
HLA-B_0702,YLLPAIVHI,5000
HLA-B_0702,DPDSFQDYI,25000
HLA-B_0702,DPIFLLHHA,25000
HLA-B_0702,FAVRPQVPL,1300
HLA-B_0702,FDVRPQVPL,1300
HLA-B_0702,FFVRPQVPL,1300
HLA-B_0702,FGVRPQVPL,1300
HLA-B_0702,FKVRPQVPL,1300
HLA-B_0702,FLVRPQVPL,1300
HLA-B_0702,FNVRPQVPL,1300
HLA-B_0702,FPPEGVSIW,25000
HLA-B_0702,FQVRPQVPL,1300
HLA-B_0702,FTVRPQVPL,1300
HLA-B_0702,IPEPEGPDA,25000
HLA-B_0702,LPDGQVIWV,25000
HLA-B_0702,QPFILYAHI,25000
HLA-B_0702,QPLTDAKVA,25000
HLA-B_0702,QPTLIGANA,25000
HLA-B_0702,VPLSEDQLL,25000
HLA-B_0702,WLSLLVPFV,35000
HLA-B_0702,APAWSRRTL,0.19
HLA-B_0702,IPSTVKTNL,0.16
HLA-B_0702,LPYVGDTSM,0.205
HLA-B_0702,SPPIPMSRL,0.766
HLA-B_0702,LPMIIGEPI,0.255
HLA-B_0702,LPCQLMYAL,0.238
HLA-B_0702,LPSIVREAL,0.65
HLA-B_0702,VPMVTQMAM,0.7
HLA-B_0702,WLSANRAVK,2400
HLA-B_0702,LSMAGSSAM,300
HLA-B_0702,YAGSLSALL,13000
HLA-B_0702,VANNTRLWV,600
HLA-B_0702,MGRDIKVQF,780
HLA-B_0702,IPQYGYLTL,1290
HLA-B_5701,ATWNFQSTY,87.71
HLA-B_5701,GLYPTYTEW,39062.5
HLA-B_5701,GLYQTYTEW,41369
HLA-B_5701,ITVTSRGGF,773.1
HLA-B_5701,KAAPLRRTT,37429.4
HLA-B_5701,KAGKLSATG,45541.2
HLA-B_5701,KLKGKNQEF,34453.4
HLA-B_5701,KSLPGGKLP,5783.69
HLA-B_5701,LAAQVTQRG,40213.9
HLA-B_5701,RARRALRQD,13455.5
HLA-B_5701,RTRGQARSG,11753.2
HLA-B_5701,RVRALAWLL,708.55
HLA-B_5701,WTFHAGYRY,1401.7
HLA-B_5701,AAPAAHADW,19788.1
HLA-B_5701,AARVAGDNY,32328.8
HLA-B_5701,ASVSNPGTF,40845.3
HLA-B_5701,ATYIADSGF,4168.33
HLA-B_5701,AVLVNPHIF,33252.1
HLA-B_5701,DAGHEHDTW,32879.8
HLA-B_5701,GVGLASTLW,18762.5
HLA-B_5701,HSLYASYEY,116.28
HLA-B_5701,ISVRVHVSK,2742.96
HLA-B_5701,ITNKRAALI,40011.5
HLA-B_5701,IVIPPKALF,45584.9
HLA-B_5701,KAGTIAAPW,296.76
HLA-B_5701,KATVTTVQV,35225.2
HLA-B_5701,KGPKLAMPW,4870.36
HLA-B_5701,KQADRDFVW,11315.7
HLA-B_5701,KSYTLRYLA,263.46
HLA-B_5701,KTNMVVTSV,4369.94
HLA-B_5701,QALGALKLY,28329.6
HLA-B_5701,RGSAATFTL,10709.6
HLA-B_5701,RGWSIFALY,1046.92
HLA-B_5701,RSGARATSL,21865.6
HLA-B_5701,RSRVRALAW,12.12
HLA-B_5701,RSRVRALSW,58.38
HLA-B_5701,RVRALSWLL,2120.28
HLA-B_5701,SLSIDNATW,7885.77
HLA-B_5701,TARTGWLTW,399.83
HLA-B_5701,TLANVGDTW,778.89
HLA-B_5701,TSRRSVASI,4541.81
HLA-B_5701,TSRTVTMRY,181.69
HLA-B_5701,TTLGLEQTF,4766.28
HLA-B_5701,VALASQARW,187.97
HLA-B_5701,VSVKVAKKL,37391.8
HLA-B_5701,VTMRYLASY,14.17
HLA-B_5701,VTSVAMKPY,9092.73
HLA-B_5701,YLRQITPGW,1535.9
HLA-B_5701,YTLRYLASY,0.76
HLA-B_5701,HSITYLLPV,700
HLA-B_5701,RARQLNYTI,13.7
HLA-B_5701,KVGWAWWTC,3000
HLA-B_5701,YVMGIITGC,4000
HLA-B_5701,SIFLHLVKI,500
HLA-B_5701,IVSSLHLSI,1000
HLA-B_5701,ATCGIFALI,200
HLA-B_5701,TTLSLDYAW,0.617
HLA-B_5701,AVFVDENQW,0.913
HLA-B_5701,ITAAAWYLW,0.477
HLA-B_5701,TALFSGVSW,0.589
HLA-B_5701,WIQLGLQKC,10000
HLA-B_5701,QAQLNAWGC,40000
HLA-B_5701,LKSLYNTVC,30000
HLA-B_5701,PYIACRTSI,10000
HLA-B_5701,KAAKYRVSV,10040
HLA-B_2704,QRSYVSGVL,5000
HLA-B_2704,SRRTSRPNR,10000
HLA-B_2704,GQYGNPLNK,10000
HLA-B_2704,SRYWAIRTR,18000
HLA-B_2704,RRRWRRLTV,800
HLA-B_2704,SRSALLAQM,15000
HLA-B_2704,KRAVGIGAL,24000
HLA-B_2704,RRYPDAVYL,18000
HLA-B_2704,RRAIATPGM,9000
HLA-B_2704,RRRESEKSL,32000
HLA-B_2704,GRRYGLIGL,11000
HLA-B_2704,ARVGGVKRI,23000
HLA-B_2704,ARFGGVKRI,15000
HLA-B_2704,GRVYGLIGL,4000
HLA-B_2704,GRFYGLIGL,6000
HLA-B_2704,RRVESEKSL,14000
HLA-B_2704,RRFESEKSL,11000
HLA-B_2704,ARLFGIRAK,9000
HLA-B_2704,FRYNGLIHR,10000
HLA-B_2704,GRIDKPILK,20000
HLA-B_2704,GRLTKHTKF,4000
HLA-B_2704,KRFEGLTQR,20000
HLA-B_2704,KRGILTLKY,2000
HLA-B_2704,KRKKAYADF,5000
HLA-B_2704,KRYKSIVKY,4000
HLA-B_2704,RRIKEIVKK,10000
HLA-B_2704,RRISGVDRY,5000
HLA-B_2704,RRSKEITVR,10000
HLA-B_2704,RRWLPAGDA,5000
HLA-B_2704,RRYQKSTEL,1000
HLA-B_1503,MQSYNSVPI,0.726
HLA-B_1503,SSKVFLKAF,0.369
HLA-B_1503,ALLELFNAF,0.241
HLA-B_1503,RLYSIFLIF,0.158
HLA-B_1503,CLNNSLMSF,0.768
HLA-B_1503,RQYMFYKIF,0.07
HLA-B_1503,FKVLDGSPI,0.822
HLA-B_1503,VQHNIKHSF,0.203
HLA-B_1503,AKSKFPRSM,0.261
HLA-B_1503,SKYAGINIL,0.271
HLA-B_1503,RKISSKNSM,0.114
HLA-B_1503,VLFLQQSIF,0.61
HLA-B_1503,KQKLGFNEF,0.158
HLA-B_1503,YMIERFISF,0.046
HLA-B_1503,FMLMETMFF,0.188
HLA-B_1503,MKSLAMTAF,0.182
HLA-B_1503,YMSSEPIIF,0.304
HLA-B_1503,RLNPEVSYF,0.32
HLA-B_1503,RQFEKDRSF,0.143
HLA-B_1503,SQIITLTAF,0.791
HLA-B_1503,RQNRSQYLF,0.137
HLA-B_1503,RQVVDFFKF,0.344
HLA-B_1503,SQVKCCHYF,0.92
HLA-B_1503,FQYVSYSNF,0.261
HLA-B_1503,SQYLSRVSL,0.235
HLA-B_1503,FARDNQISF,0.195
HLA-B_1503,TMVNSLTYF,0.126
HLA-B_1503,FKAKWLTPF,0.073
HLA-B_1503,QLYSTLLSF,0.565
HLA-B_1503,LSIFFYSSF,0.218
HLA-B_1503,KKYNNDKSF,0.078
HLA-B_1503,IQHNFTQIA,0.251
HLA-B_1503,FKAMWKYPF,0.109
HLA-B_1503,KMTRVFNKF,0.431
HLA-B_1503,KKSSTLLTF,0.36
HLA-B_1503,IMFAKTLDF,0.311
HLA-B_1503,AKSQSDTVF,0.16
HLA-B_1503,SMWYIPNVF,0.722
HLA-B_1503,SMYPSYIEF,0.11
HLA-B_1503,RKNHIYNSF,0.132
HLA-B_1503,IMFSKSLNF,0.227
HLA-B_1503,RQFYNANVL,0.236
HLA-B_1503,IQRTYSSSI,0.83
HLA-B_1503,FSGSFASIF,0.318
HLA-B_1503,ISTYPGNTF,0.479
HLA-B_1503,YKFSCGLSL,0.132
HLA-B_1503,YQSLSPPPF,0.061
HLA-B_1503,RMFGSKPTF,0.206
HLA-B_1503,FMNKHILSY,0.742
HLA-B_1503,YQYIFLSFF,0.944
HLA-B_1503,LKYYYSNSY,0.242
HLA-B_1503,FLRLSANLF,0.119
HLA-B_1503,AMKVDANYF,0.149
HLA-B_1503,LQAKSGSSL,0.326
HLA-B_1503,YQHFVARVF,0.399
HLA-B_1503,KMSFLPIIF,0.08
HLA-B_1503,MMLMIGNYF,0.204
HLA-B_1503,IMTSGVIPF,0.223
HLA-B_1503,AQYASTLSV,0.162
HLA-B_1503,LMMTLPSIF,0.152
HLA-B_1503,IKTMMINPF,0.191
HLA-B_1503,IQYDRRSFF,0.154
HLA-B_1503,HMAYSFQTF,0.279
HLA-B_1503,LLYMFPNLF,0.109
HLA-B_1503,FSALPTNEF,0.13
HLA-B_1503,SQTIELIAF,0.206
HLA-B_1503,RKAYHIIFF,0.037
HLA-B_1503,LLFYTRHRF,0.212
HLA-B_1503,LSFLSRVFF,0.329
HLA-B_1503,VKVKEENTF,0.415
HLA-B_1503,KKFRPLMIF,0.169
HLA-B_1503,ALRPSSQVF,0.095
HLA-B_3501,SSKMFNYFK,20000
HLA-B_3501,TEAEKWPFF,20000
HLA-B_3501,AAGFDPEVQ,32728.6
HLA-B_3501,FALYDGTYL,20887.7
HLA-B_3501,GEAMVLVYY,36367.8
HLA-B_3501,KPAPTAPPM,19.01
HLA-B_3501,LALQAGDAL,31531.7
HLA-B_3501,VPASGAPAA,4662.96
HLA-B_3501,YAIDGTAAG,2326.85
HLA-B_3501,YALKSRIAL,19308.3
HLA-B_3501,YSTGDLRAY,31427
HLA-B_3501,AAESTFESY,44579.2
HLA-B_3501,APNALAWAL,6257.8
HLA-B_3501,APPGAGFIY,16535.3
HLA-B_3501,DATFQTYAL,17007.4
HLA-B_3501,DPPATVYRY,7202.91
HLA-B_3501,EATQQAAGF,41099.3
HLA-B_3501,EPVKLTLTG,13677.4
HLA-B_3501,ETFCITTIY,15830.2
HLA-B_3501,EVRADNNFY,25573.6
HLA-B_3501,GAASSYFEY,2674.17
HLA-B_3501,HAQGKALLY,384.62
HLA-B_3501,HVTRGWSIF,40696.2
HLA-B_3501,ILAGALATY,4292.23
HLA-B_3501,LAAIASAAH,49809.4
HLA-B_3501,LAGSGLFRM,767.06
HLA-B_3501,LANDGTIVI,5865.29
HLA-B_3501,LAPTVGVAF,7595.54
HLA-B_3501,LPILVLALL,2156.8
HLA-B_3501,LPTHLYKNF,10526.4
HLA-B_3501,LPVSLTALD,7115.63
HLA-B_3501,LVFSHVRGM,19781
HLA-B_3501,MAAWSERAG,4076.07
HLA-B_3501,MALGALGAA,342.12
HLA-B_3501,MAPVMGACM,5001.28
HLA-B_3501,NALAWALML,6312.79
HLA-B_3501,NLMAAESTF,13312.5
HLA-B_3501,NPMHTIASI,32595.5
HLA-B_3501,PFIIKLKDC,11616.4
HLA-B_3501,QAAPLSITL,4462.89
HLA-B_3501,QITQHGGPY,44030.3
HLA-B_3501,QITQHGSPY,34533.3
HLA-B_3501,TPLGSLFAI,1341.4
HLA-B_3501,TPLPVSLTA,208.77
HLA-B_3501,VTMRYLASY,35389.9
HLA-B_3501,YTLRYLASY,3524.89
HLA-B_3501,DPDSFQDYI,25000
HLA-B_3501,DPIFLLHHA,25000
HLA-B_3501,EPGPVTAQV,25000
HLA-B_3501,FDVRPQVPL,3700
HLA-B_3501,FFVRPQVPL,3700
HLA-B_3501,FKVRPQVPL,3700
HLA-B_3501,FLVRPQVPL,3700
HLA-B_3501,FNVRPQVPL,3700
HLA-B_3501,FPRFKFVWV,25000
HLA-B_3501,FPVRPQVPC,1300
HLA-B_3501,FPVRPQVPD,1300
HLA-B_3501,FPVRPQVPK,1300
HLA-B_3501,FPVRPQVPN,1300
HLA-B_3501,FQVRPQVPL,3700
HLA-B_3501,FTVRPQVPL,3700
HLA-B_3501,GPQFPFTGV,25000
HLA-B_3501,IPEPEGPDA,25000
HLA-B_3501,IPLYRNGDF,25000
HLA-B_3501,LPKEACMEI,25000
HLA-B_3501,LPSPACQLV,25000
HLA-B_3501,QPFILYAHI,25000
HLA-B_3501,QPKKVKRRL,25000
HLA-B_3501,QPLTDAKVA,25000
HLA-B_3501,QPTLIGANA,25000
HLA-B_3501,SPISNVANA,25000
HLA-B_3501,SPLGERLEV,25000
HLA-B_3501,SPPITWPLL,25000
HLA-B_3501,SPRLKAICI,25000
HLA-B_3501,TPKKNCIAI,25000
HLA-B_3501,TPMFNDINI,25000
HLA-B_3501,VPGTVVRTL,25000
HLA-B_3501,VPLAHSSSA,25000
HLA-B_3501,DPSRGRLGL,25000
HLA-B_3501,HPSDGKCNL,10000
HLA-B_3501,QPRPRGDNF,10000
HLA-B_3501,RPRGDNFAV,10000
HLA-B_3501,MPYVFTLLF,0.59
HLA-B_3501,FPREGVFVF,0.684
HLA-B_3501,MPSACANGW,0.2
HLA-B_3501,TPVSMTYLY,0.066
HLA-B_3501,LPYVGDTSM,0.001
HLA-B_3501,LPYNWKNFY,0.098
HLA-B_3501,YPGNTFVNF,0.188
HLA-B_3501,MPTDMLKLF,0.163
HLA-B_3501,NPIINTHSF,0.188
HLA-B_3501,LPNVDLTTM,0.159
HLA-B_3501,VPLPCQLMY,0.595
HLA-B_3501,LPCQLMYAL,0.164
HLA-B_3501,KPFNNILNL,500
HLA-B_3501,LPVYLMTLM,0.044
HLA-A_0205,ADAKAAAAV,10000
HLA-A_0205,ALAKAAAAN,10000
HLA-A_0205,ALAKAAAAR,10000
HLA-A_0205,DPKVKQWPL,10000
HLA-A_0205,EADPTGHSY,10000
HLA-A_0205,ACAKAAAAV,430
HLA-A_0205,AFAKAAAAV,430
HLA-A_0205,AGAKAAAAV,430
HLA-A_0205,AKAKAAAAV,430
HLA-A_0205,ALAKAAAAC,430
HLA-A_0205,ALAKAAAAF,430
HLA-A_0205,ALAKAAAAG,430
HLA-A_0205,ALAKAAAAP,430
HLA-A_0205,ALAKAAAAS,430
HLA-A_0205,ALAKAAAAT,430
HLA-A_0205,ALAKAAAAY,430
HLA-A_0205,ANAKAAAAV,430
HLA-A_0205,APAKAAAAV,430
HLA-A_0205,YDVAYQATV,430
HLA-A_0205,YFVAYQATV,430
HLA-A_0205,YKVAYQATV,430
HLA-A_0205,YLVAYQATD,430
HLA-A_0205,YLVAYQATF,430
HLA-A_0205,YLVAYQATK,430
HLA-A_0205,YLVAYQATP,430
HLA-A_0205,YLVAYQATQ,430
HLA-A_0205,YPVAYQATV,430
HLA-A_3201,CSANNSHHY,49800
HLA-A_3201,KTMAVTYEL,0.578
HLA-A_3201,RTFNRTHYW,0.243
HLA-A_3201,KVLFLQQSI,0.704
HLA-A_3201,SIYGFGVTF,0.113
HLA-A_3201,RVLGRVLPY,0.444
HLA-A_3201,RTYGVNYTF,0.261
HLA-A_3201,KIGMFNLTF,0.268
HLA-A_3201,KLFYVYYNL,0.344
HLA-A_3201,MMMKWIISI,0.167
HLA-A_3201,KMDNGTLEF,0.923
HLA-A_3201,KLITFLFVI,0.409
HLA-A_3201,HLMFYTLPI,0.177
HLA-A_3201,SVMNFIPII,0.604
HLA-A_3201,KLGNLLLLI,0.716
HLA-A_3201,KTSGYISSF,0.502
HLA-A_3201,ISLFYTFAI,0.567
HLA-A_3201,RTFLIDLAF,0.48
HLA-A_3201,SIYRMSYQF,0.798
HLA-A_3201,RVLFNNFKI,0.885
HLA-A_3201,MLMRVAVGI,0.692
HLA-A_3201,RTYGLRNSL,0.626
HLA-A_3201,SICEIVYSF,0.352
HLA-A_3201,KSLKKVYTF,0.485
HLA-A_3201,HLSNYIVSI,0.986
HLA-A_3201,KSLYITNTL,0.518
HLA-A_3201,KSAHFLLIF,0.185
HLA-A_3201,HMLEFLYSF,0.296
HLA-A_3201,VMYAFTTPL,0.291
HLA-A_3201,RSMYRIPPF,0.726
HLA-A_3201,RLFYTFFSY,0.185
HLA-A_3201,MIFFNPVSF,0.462
HLA-A_3201,KLNNVFYVF,0.521
HLA-A_3201,TMFKIVYSL,0.915
HLA-A_3201,IIFDIYFAI,0.934
HLA-A_3201,KLNSFGVSI,0.551
HLA-A_3201,MIAGVFFTF,0.966
HLA-A_1101,NIQFTAVGK,182
HLA-A_1101,PVTIGECPK,2.6
HLA-A_1101,GTKVVPRGK,72
HLA-A_1101,ASFDKAKLK,15.12
HLA-A_1101,KVVNPLFEK,8.1
HLA-A_1101,RTQNVLGEK,31
HLA-A_1101,SVLNLVIVK,6.94
HLA-A_1101,ASQIYAGIK,18
HLA-A_1101,TTDLEAYFK,6.5
HLA-A_1101,LSTNLPYGK,8.6
HLA-A_1101,ATQIPSYKK,128
HLA-A_1101,KSISKSNAK,1682.7
HLA-A_1101,ISEYRHYCY,166
HLA-A_1101,AMFQDPQER,12
HLA-A_1101,IVYRDGNPY,21
HLA-A_1101,TTLEQQYNK,6
HLA-A_1101,IVCPICSQK,714
HLA-A_1101,IILECVYCK,125
HLA-A_1101,LPADPASVL,20000
HLA-A_1101,FQILHDRFF,20000
HLA-A_1101,FPHTELANL,20000
HLA-A_1101,RPPYSSYGY,20000
HLA-A_1101,TEAEKWPFF,20000
HLA-A_1101,AVVVNPSVK,2254
HLA-A_1101,GTLTSAINR,1132
HLA-A_1101,RVLSLIGLK,333.6
HLA-A_1101,KNMEKPGLK,24333
HLA-A_1101,AADKAAAAY,10000
HLA-A_1101,ALAKAAAAV,10000
HLA-A_1101,AYAKAAAAF,10000
HLA-A_1101,INKEEALQR,30000
HLA-A_1101,ALAETSYVK,16.4
HLA-A_1101,LTQDLVQEK,15.5
HLA-A_1101,LVQEKYLEY,111.3
HLA-A_1101,SVMEVYDGR,4.5
HLA-A_1101,TSYVKVLEY,457.4
HLA-A_1101,ARLYGIRAK,5000
HLA-A_1101,EADPTGHSY,5000
HLA-A_1101,ELRSRYWAI,5000
HLA-A_1101,GILGFVFTL,5000
HLA-A_1101,ILKEPVHGV,5000
HLA-A_1101,KPIVQYDNF,5000
HLA-A_1101,KRYEGLTQR,5000
HLA-A_1101,LLGRNSFEV,5000
HLA-A_1101,RRYQKSTEL,5000
HLA-A_1101,SRYWAIRTR,5000
HLA-A_1101,WLSLLVPFV,5000
HLA-A_1101,KLRKPKHKK,10000
HLA-A_1101,AIFQSSMTT,10000
HLA-A_1101,SQMLLIVLK,0.503
HLA-A_1101,GVIRSIFAR,0.618
HLA-A_1101,LSAGVEFLK,0.171
HLA-A_1101,TVWEVQGYK,0.757
HLA-A_1101,MSAPPAEYK,0.948
HLA-A_1101,TTIKPVSYK,0.759
HLA-A_1101,VLAYMLFTK,0.894
HLA-A_1101,GALHLYFDK,0.928
HLA-A_1101,STCFKLMLK,0.553
HLA-A_1101,GVYSVFYLY,0.073
HLA-A_1101,CLFDRYFKY,0.59
HLA-A_1101,TSFGPLVRK,0.21
HLA-A_1101,HLMGWDYPK,0.319
HLA-A_1101,STLNFNNLR,0.297
HLA-A_1101,RLFYTFFSY,0.316
HLA-A_1101,TFIDVHIPK,0.921
HLA-A_1101,TTAFFNTCK,0.492
HLA-A_1101,TTYDFLARK,0.395
HLA-A_1101,STQSVLCVK,0.756
HLA-A_1101,RVIWMDAYK,0.793
HLA-A_1101,TTKDYFSFK,0.861
HLA-A_1101,STSPTRTWK,0.803
HLA-A_1101,YTFFSYLMK,0.563
HLA-A_1101,SVFKGFSDK,0.852
HLA-A_1101,ASTISWMMK,0.346
HLA-A_1101,QSFLFWFLK,0.43
HLA-A_1101,STYSDICSK,0.706
HLA-A_1101,GTGLWTHDK,0.361
HLA-A_1101,GIGTFLHYK,0.585
HLA-A_1101,SMMVILPDK,0.005
HLA-A_1101,SIIIPFIAY,0.482
HLA-A_1101,ISYCRAFIY,0.358
HLA-A_1101,SMNVAVIDK,0.278
HLA-A_1101,KMGAFMYTK,0.397
HLA-A_1101,AIITPVVFY,0.362
HLA-A_1101,IITPVVFYR,0.322
HLA-A_1101,VMHINSPFK,0.224
HLA-A_1101,LSARNKLFK,0.532
HLA-A_1101,YTYDRVDIY,0.341
HLA-A_1101,SMFWDGMDY,0.823
HLA-A_1101,IILAALFMY,0.307
HLA-A_1101,AALFMYYAK,0.67
HLA-A_1101,VTSSGTIYK,0.595
HLA-A_1101,QQLLRREVY,1190
HLA-A_3001,KIKSPIYYK,0.932
HLA-A_3001,RFKKESSLA,0.305
HLA-A_3001,MLRTVYCNK,0.258
HLA-A_3001,RTRGPLGIL,0.086
HLA-A_3001,RYRFAFLYL,0.169
HLA-A_3001,RTRNMFRKK,0.089
HLA-A_3001,RSKNTIIIA,0.163
HLA-A_3001,MQKCYFSYK,0.527
HLA-A_3001,RTHTALIFL,0.704
HLA-A_3001,ASKTINALV,0.175
HLA-A_3001,KVKNVHIGG,0.338
HLA-A_3001,RYRCSFAVA,0.004
HLA-A_3001,MTRLPILLL,0.646
HLA-A_3001,RTRHFLSYI,0.235
HLA-A_3001,KVYINHPFM,0.517
HLA-A_3001,MTKWCAPFI,0.165
HLA-A_3001,KARCNHLTK,0.214
HLA-A_3001,KVMFVIRFK,0.597
HLA-A_3001,HVKAFYKFI,0.346
HLA-A_3001,KYKPVYSYV,0.74
HLA-A_3001,RTRYDTFKV,0.197
HLA-A_3001,CVRLNNPVI,0.331
HLA-A_3001,ATARSSPEK,0.584
HLA-A_3001,MVRLPYKDA,0.763
HLA-A_3001,KSKNINIEV,0.324
HLA-A_3001,SVRLLNYFK,0.238
HLA-A_3001,SAKNSWLNL,0.574
HLA-A_3001,RTKPISMYF,0.598
HLA-A_3001,RVKQISIST,0.369
HLA-A_3001,RTRYLPSLV,0.485
HLA-A_3001,RTICTLPYL,0.738
HLA-A_3001,MLRFANPLS,0.171
HLA-A_3001,KTRLSEMLS,0.446
HLA-A_3001,RFRFRSVYG,0.357
HLA-A_3001,LTRYALHGK,0.252
HLA-A_3001,VVKATYLLK,0.32
HLA-A_3001,RTKPASAPI,0.114
HLA-A_3001,RTRDLFIAL,0.108
HLA-A_3001,KVKWLQNSV,0.497
HLA-A_3001,RQKKISILV,0.361
HLA-A_3001,RTKITSLPL,0.087
HLA-A_3001,RTKDTRIKA,0.196
HLA-A_3001,MSKSHAAYI,0.227
HLA-A_3001,RLKDYQHFV,0.394
HLA-A_3001,SVKCTHPLV,0.968
HLA-A_3001,HSRASPRIG,0.931
HLA-A_3001,KVKSYNYML,0.175
HLA-A_3001,RLKSAVCYK,0.175
HLA-A_3001,TFRERYSYK,0.885
HLA-A_3001,KVKNHIPNI,0.684
HLA-A_3001,HTRDPQNAA,0.907
HLA-A_3001,RARFIGGYI,0.263
HLA-A_3001,KFRPGSLIY,0.303
HLA-A_3001,KQRLTNLEK,0.951
HLA-A_3001,TLRAAMISL,0.714
HLA-A_3001,RVRISLIYL,0.091
HLA-A_3001,TTKNGQPRK,0.233
HLA-A_3001,RTKLMSNIK,0.38
HLA-A_3001,KTMMINPFM,0.362
HLA-A_3001,RTKFQNRAK,0.159
HLA-A_3001,KHKIFSPFK,0.886
HLA-A_3001,RYRMHPMSK,0.068
HLA-A_3001,RSKDTHVFA,0.019
HLA-A_3001,KSRNTTPMM,0.102
HLA-A_3001,KVREALDGV,0.105
HLA-A_3001,AAKGASMTL,0.998
HLA-A_3001,RVRNIIASI,0.103
HLA-A_3001,KTRNVIRNI,0.072
HLA-A_3001,RIRNKFMFI,0.069
HLA-A_3001,YQSLSPPPF,0.503
HLA-A_3001,RIRFFYRKK,0.172
HLA-A_3001,RTRVGTKHA,0.02
HLA-A_3001,WLSANRAVK,1100
HLA-A_3001,AAYHPQQFI,150
HLA-A_3001,KLVANNTRL,19
HLA-A_3001,VANNTRLWV,29
HLA-A_3001,NFVRSSNLK,890
HLA-A_0101,FATCLGLSY,657.9
HLA-A_0101,GSVVGNWQY,500
HLA-A_0101,SSFSTTINY,581.4
HLA-A_0101,SSLPTTMNY,454.6
HLA-A_0101,YTNPQFNVY,25
HLA-A_0101,ISEYRHYCY,49
HLA-A_0101,SSKMFNYFK,20000
HLA-A_0101,LPADPASVL,20000
HLA-A_0101,FQILHDRFF,20000
HLA-A_0101,YQSMIRPPY,20000
HLA-A_0101,FPHTELANL,20000
HLA-A_0101,RPPYSSYGY,20000
HLA-A_0101,TEAEKWPFF,20000
HLA-A_0101,KVAELVHFL,36000
HLA-A_0101,LVTCLGLSY,2976.2
HLA-A_0101,NYPLWSQSY,36000
HLA-A_0101,ALAAAAAAK,10000
HLA-A_0101,ALAKAAAAV,10000
HLA-A_0101,ATAAAAAAK,10000
HLA-A_0101,AYAKAAAAF,10000
HLA-A_0101,MLESVIKNY,2272.7
HLA-A_0101,TSYVKVLEY,252.5
HLA-A_0101,ARLYGIRAK,5000
HLA-A_0101,ELRSRYWAI,5000
HLA-A_0101,ILKEPVHGV,5000
HLA-A_0101,KPIVQYDNF,5000
HLA-A_0101,KRYEGLTQR,5000
HLA-A_0101,LLGRNSFEV,5000
HLA-A_0101,RRYQKSTEL,5000
HLA-A_0101,SRYWAIRTR,5000
HLA-A_0101,WLSLLVPFV,5000
HLA-A_0101,LLDVPTAAV,4310
HLA-A_0101,RVMAPRALL,5000
HLA-A_0101,SLLPAIVEL,5000
HLA-A_0101,YLLPAIVHI,5000
HLA-A_0101,ETKLGKAGY,42000
HLA-A_0101,LEASISGKY,10000
HLA-A_0101,LNEQLIYTY,10000
HLA-A_0101,NHEQKLSEY,10000
HLA-A_0101,QEEQKKYIY,10000
HLA-A_0101,FSAVGNICY,0.34
HLA-A_0101,LTGHMLDMY,0.563
HLA-A_0101,QNSADPKVY,13200
HLA-A_0101,LTEEFYHSY,0.477
HLA-A_0101,QAEPDRAHY,2793
HLA-A_0101,EIDGPAGQA,3240
HLA-A_0101,HVDIRTLED,3764
HLA-A_0101,TTDLYCYEQ,3764
HLA-A_0101,KTDNNNSNF,8200
HLA-A_0101,SADNNNSEY,6750
HLA-A_0101,TGQNNNSNF,3590
HLA-B_5401,FPVRPQVPD,79
HLA-B_5401,FPVRPQVPF,79
HLA-B_5401,FPVRPQVPH,79
HLA-B_5401,FPVRPQVPM,79
HLA-B_5401,FPVRPQVPQ,79
HLA-B_5401,FPVRPQVPV,0.79
HLA-B_5401,FPVRPQVPW,79
HLA-B_5401,FPVRPQVPY,79
HLA-B_5401,LPTTLFQPY,0.83
HLA-B_5401,MPFAGLLII,0.27
HLA-B_5401,YPALMPLYA,0.63
HLA-B_5401,FPVRPQVPK,79
HLA-B_5401,DPDSFQDYI,25000
HLA-B_5401,FDVRPQVPL,6800
HLA-B_5401,FGVRPQVPL,6800
HLA-B_5401,FKVRPQVPL,6800
HLA-B_5401,FLVRPQVPL,6800
HLA-B_5401,FNVRPQVPL,6800
HLA-B_5401,FQVRPQVPL,6800
HLA-B_5401,FTVRPQVPL,6800
HLA-B_5401,GPQFPFTGV,25000
HLA-B_5401,GPVTAQVVL,25000
HLA-B_5401,HPEDTGQVF,25000
HLA-B_5401,HPQKVTKFM,25000
HLA-B_5401,IPLYRNGDF,25000
HLA-B_5401,IPSYKKLIM,25000
HLA-B_5401,LPTNASLSF,25000
HLA-B_5401,QPKKVKRRL,25000
HLA-B_5401,SPRLKAICI,25000
HLA-B_5401,SPSCPLERF,25000
HLA-B_5401,VPGTVVRTL,25000
HLA-B_5401,VPLSEDQLL,25000
HLA-B_5401,DPSRGRLGL,25000
HLA-B_5401,HPSDGKCNL,10000
HLA-B_5401,QPRPRGDNF,10000
HLA-B_5401,HPALVFDIT,0.285
HLA-B_5401,MPNMLRIMA,0.256
HLA-B_5401,DPKVYPIIL,49200
HLA-B_5401,IPYSRVNHA,0.133
HLA-B_5401,MPYNILDRI,0.275
HLA-B_5401,LPCQLMYAL,0.905
HLA-B_5401,VPDIKLDAV,0.504
HLA-B_5401,MPGVLSYVV,0.507
HLA-B_5401,VPFVVFLVA,0.87
HLA-B_4403,SSKMFNYFK,20000
HLA-B_4403,LPADPASVL,20000
HLA-B_4403,FQILHDRFF,20000
HLA-B_4403,YQSMIRPPY,20000
HLA-B_4403,FPHTELANL,20000
HLA-B_4403,RPPYSSYGY,20000
HLA-B_4403,TEAEKWPFF,20000
HLA-B_4403,AAADFAHAE,31007.4
HLA-B_4403,AAAEVAGAL,49352.6
HLA-B_4403,AAQATVVQR,23250.1
HLA-B_4403,AAVALLNKL,672.08
HLA-B_4403,AMQGAVVHL,37136.9
HLA-B_4403,ESAEGRKIF,36695.2
HLA-B_4403,EVDGIIQEF,15869.5
HLA-B_4403,FETYALTGI,35834.1
HLA-B_4403,GELMAAQVA,571.69
HLA-B_4403,QADRDFVWY,37676.7
HLA-B_4403,QAIVVGKDL,31777.1
HLA-B_4403,QQVQVLQRQ,15829.3
HLA-B_4403,RELSAAANA,21083.8
HLA-B_4403,RETFCITTI,214.33
HLA-B_4403,SESHNFHAS,32707.4
HLA-B_4403,TVQELALKL,12477.2
HLA-B_4403,VEVSSPPPV,28775.1
HLA-B_4403,YEAGFSLGS,35422.4
HLA-B_4403,YENKSSTPL,37472.5
HLA-B_4403,YEVTPTRML,19026
HLA-B_4403,YEYIWGLYQ,8913.91
HLA-B_4403,YEYSKGPKL,47721.9
HLA-B_4403,AEAGRFKVL,4257.65
HLA-B_4403,AEATQLVTA,2175.35
HLA-B_4403,AEGGATLGA,12002.9
HLA-B_4403,AEHGEVSIQ,2881.22
HLA-B_4403,AEIAFYPKE,480.18
HLA-B_4403,AEKVTTPAV,39330.7
HLA-B_4403,AELQTYLRQ,1828.88
HLA-B_4403,AEQSLIEVG,877.06
HLA-B_4403,AESNALSKR,44202.1
HLA-B_4403,AESSEAMAA,7540.25
HLA-B_4403,AEVKVGYRA,2360.32
HLA-B_4403,AEVTDTSPS,41183.7
HLA-B_4403,ANEANALLW,9187
HLA-B_4403,AQITSYVGF,2123.5
HLA-B_4403,AQVTVAGRY,3250.07
HLA-B_4403,DENGKPQTY,11509.2
HLA-B_4403,FEPGITTNY,42836
HLA-B_4403,GAASSYFEY,43981.9
HLA-B_4403,GEIALGDAT,15597.1
HLA-B_4403,IENTAKLSG,44421.9
HLA-B_4403,IESKISQSV,39925.5
HLA-B_4403,IETGGARRF,22066.2
HLA-B_4403,KEAATIVAA,14971.7
HLA-B_4403,KEDVDAAQI,34214.1
HLA-B_4403,KEVDGIIQE,39055.3
HLA-B_4403,LEAGRRFTH,44159.6
HLA-B_4403,LSAALGADW,1168.55
HLA-B_4403,MESNKDIVI,9928.09
HLA-B_4403,MEVMLRAVF,11.5
HLA-B_4403,MEYFKTPLP,28105.7
HLA-B_4403,PELGAAIRV,6511.15
HLA-B_4403,PGPQPPQPQ,48576.1
HLA-B_4403,QELALKLKG,784.38
HLA-B_4403,SEAMAAWSE,7598.59
HLA-B_4403,TEAQGVQVR,19926
HLA-B_4403,TEVYLEHRM,2716.77
HLA-B_4403,VEASAITTY,1970.33
HLA-B_4403,VEDIGGKNY,16032.5
HLA-B_4403,YEDATFETY,3728.28
HLA-B_4403,YEYIWGLYP,8392.98
HLA-B_4403,YIWGLYQTY,471.31
HLA-B_4403,MEAQFLYLY,0.933
HLA-B_4403,YTAVVPLVY,5540
HLA-A_6802,LTFGWCFKL,5.6
HLA-A_6802,ATVGIMIGV,0.8
HLA-A_6802,SSKMFNYFK,20000
HLA-A_6802,FQILHDRFF,20000
HLA-A_6802,YQSMIRPPY,20000
HLA-A_6802,RPPYSSYGY,20000
HLA-A_6802,TEAEKWPFF,20000
HLA-A_6802,YVFTLLFQL,0.89
HLA-A_6802,FTIAMWLLL,0.6
HLA-A_6802,MLFTKFFYL,0.056
HLA-A_6802,FTNDVSFLA,0.062
HLA-A_6802,CVMYASALV,0.89
HLA-A_6802,FIAGLIAIV,0.54
HLA-A_6802,LVIGVAFLA,0.75
HLA-A_6802,HLVDFQVTI,0.79
HLA-A_6802,IVAALVFLI,0.58
HLA-A_6802,MIFISSFLL,0.15
HLA-A_6802,SIVCIVAAV,0.55
HLA-A_6802,FTNSQIFNI,0.23
HLA-A_6802,EVNDTHYTV,0.5
HLA-A_6802,ELSRLRYNL,1
HLA-A_6802,WVMDTLNGI,0.44
HLA-A_6802,EATFIDVHI,0.13
HLA-A_6802,EAAAATCAL,0.69
HLA-A_6802,STISWMMKL,0.23
HLA-A_6802,ETMYLTMKA,0.64
HLA-A_6802,STYPGNTFV,0.24
HLA-A_6802,FTAKINEMV,0.002
HLA-A_6802,ITTFIPISA,0.83
HLA-A_6802,NVIGLIVIL,0.17
HLA-A_6802,TSVDLNAPV,0.26
HLA-A_6802,QSAGFTAGL,0.71
HLA-A_6802,GLKSKTHAV,19982
HLA-A_6802,ALKRAQSEL,29040
HLA-A_6802,GLTADARLL,12
HLA-A_6802,ILDSVGIEA,1598
HLA-A_6802,GLLGWSPQA,25000
HLA-A_6802,GLSRYVARL,25000
HLA-A_6802,YMDDVVLGA,25000
HLA-A_6802,GLLGNVSTV,10000
HLA-A_6802,ALCRWGLLL,10000
HLA-A_6802,ILHNGAYSL,10000
HLA-A_6802,LLTFWNPPT,10000
HLA-A_6802,YLSGANLNL,10000
HLA-A_6802,KLTPLCVTL,20000
HLA-A_6802,ALNKMFCQL,10000
HLA-A_6802,CQLAKTCPV,10000
HLA-A_6802,KIWEELSVL,10000
HLA-A_6802,KMFCQLAKT,10000
HLA-A_6802,KMFCQLAKV,10000
HLA-A_6802,KTCPVQLWV,10000
HLA-A_6802,VLYGPDTPI,10000
HLA-A_6802,ACAKAAAAV,4000
HLA-A_6802,ADAKAAAAV,4000
HLA-A_6802,AFAKAAAAV,4000
HLA-A_6802,AGAKAAAAV,4000
HLA-A_6802,AKAKAAAAV,4000
HLA-A_6802,ALAKAAAAC,4000
HLA-A_6802,ALAKAAAAF,4000
HLA-A_6802,ALAKAAAAG,4000
HLA-A_6802,ALAKAAAAM,4000
HLA-A_6802,ALAKAAAAN,4000
HLA-A_6802,ALAKAAAAP,4000
HLA-A_6802,ALAKAAAAR,4000
HLA-A_6802,ALAKAAAAS,4000
HLA-A_6802,ALAKAAAAT,4000
HLA-A_6802,ANAKAAAAV,4000
HLA-A_6802,KLVAYQATV,4000
HLA-A_6802,YDVAYQATV,4000
HLA-A_6802,YFVAYQATV,4000
HLA-A_6802,YKVAYQATV,4000
HLA-A_6802,YLVAKQATV,4000
HLA-A_6802,YLVAYQATD,4000
HLA-A_6802,YLVAYQATF,4000
HLA-A_6802,YLVAYQATK,4000
HLA-A_6802,YLVAYQATP,4000
HLA-A_6802,YLVAYQATQ,4000
HLA-A_6802,YLVAYQATT,4000
HLA-A_6802,YPVAYQATV,4000
HLA-A_6802,YQVAYQATV,4000
HLA-A_6802,FMGVIYIMI,10000
HLA-A_6802,NILIVLYYL,10000
HLA-A_6802,YMIKKLLKI,10000
HLA-A_6802,YQDPQNYEL,10000
HLA-A_6802,ALAKAAAAY,4000
HLA-A_6802,FANYNFTLL,0.151
HLA-A_6802,IIPFIAYFV,0.301
HLA-A_6802,ALINDQLIM,5000
HLA-A_6802,AMLQLDPNA,5000
HLA-A_6802,FVFSTSFYL,0.508
HLA-A_6802,GLVGLVTFL,5000
HLA-A_6802,RLRDLNQAV,5000
HLA-A_6802,RMAWGGSYI,5000
HLA-A_6802,FTASLFLHL,1
HLA-A_6802,YVSSIFLHL,1
HLA-A_6802,FQGRGVFEL,10000
HLA-A_6802,MSIPATLFV,0.63
HLA-A_6802,EAFPQSNAV,0.55
HLA-A_6802,TTANISLTA,0.9
HLA-A_6802,EAAGIFMTA,0.37
HLA-A_6802,ETAWDFGSV,0.61
HLA-A_6802,QVFGTAYGV,0.95
HLA-A_6802,LVISGVFPV,0.37
HLA-A_6802,FTMRLLSPV,0.78
HLA-A_6802,EAAAIFMTA,0.301
HLA-A_3301,KVGNFTGLY,25000
HLA-A_3301,PVNRPIDWK,25000
HLA-A_3301,TLWKAGILY,25000
HLA-A_3301,GTGSGVSSK,10000
HLA-A_3301,KLRKPKHKK,10000
HLA-A_3301,KSLYDEHIK,10000
HLA-A_3301,LLIFHINGK,10000
HLA-A_3301,RGDNFAVEK,10000
HLA-A_3301,RINEEKHEK,10000
HLA-A_3301,SLLSTNLPY,10000
HLA-A_3301,SLYDEHIKK,10000
HLA-A_3301,VLSHNSYEK,10000
HLA-A_3301,AAFQSSMTK,10000
HLA-A_3301,AIAQSSMTK,10000
HLA-A_3301,AIFASSMTK,10000
HLA-A_3301,AIFQASMTK,10000
HLA-A_3301,AIFQSAMTK,10000
HLA-A_3301,AIFQSSATK,10000
HLA-A_3301,AIFQSSMAK,10000
HLA-A_3301,AIFQSSMTA,10000
HLA-A_3301,AIFQSSMTK,10000
HLA-A_3301,AIFQSSMTT,10000
HLA-A_3301,AIFQSSMTY,10000
HLA-A_3301,AILQSSMTR,10000
HLA-A_3301,AKFQSSMTK,10000
HLA-A_3301,ANFQSSMTK,10000
HLA-A_3301,AYFQSSMTK,10000
HLA-A_3301,FIFQSSMTK,10000
HLA-A_3301,GIFQSSMTK,10000
HLA-A_3301,SIFQSSMTK,10000
HLA-A_3301,ALLAVGATK,10000
HLA-A_3301,ALNFPGSQK,10000
HLA-A_3301,RLGVRATRK,10000
HLA-A_3301,ALERLLSLK,10000
HLA-A_3301,ALKISQLQK,10000
HLA-A_3301,AVIFTPIYY,10000
HLA-A_3301,AVSEIQNNK,10000
HLA-A_3301,ILCIEGEQK,10000
HLA-A_3301,KINSNFLLK,10000
HLA-A_3301,KSMLKELIK,10000
HLA-A_3301,KTMNNYMIK,10000
HLA-A_3301,LLYILFLVK,10000
HLA-A_3301,PVLTSLFNK,10000
HLA-A_3301,PVVCSMEYK,10000
HLA-A_3301,SISGKYDIK,10000
HLA-A_3301,VVCSMEYKK,10000
HLA-A_3301,YQNFQNADK,10000
HLA-A_3301,DVKASMLEK,0.575
HLA-A_3301,GIPYCNYSK,24200
HLA-A_3301,GVVRVWDVK,24200
HLA-A_3301,HIVGKSCPK,24200
HLA-A_3301,FFVFIHMVR,0.46
HLA-A_3301,MFLTSVINR,0.841
HLA-A_3301,DVLKTRLFR,0.562
HLA-A_3301,DFRDYQSYR,0.837
HLA-A_3301,FAVGLLFRR,0.338
HLA-A_3301,WSLMYFHRR,0.235
HLA-A_0203,FLWEDQTLL,0.92
HLA-A_0203,ILSPFLPLL,0.45
HLA-A_0203,LLAPITAYA,0.61
HLA-A_0203,KLFPRLPGI,0.5
HLA-A_0203,FLITGVFDI,0.76
HLA-A_0203,FLGRYMSAL,0.46
HLA-A_0203,YLSSVLLAL,0.31
HLA-A_0203,KLIEYSDFA,0.53
HLA-A_0203,FLAHLQWFA,0.21
HLA-A_0203,FLNGSCGSV,0.57
HLA-A_0203,VLAWLYAAV,0.31
HLA-A_0203,FLLPSLATV,0.2
HLA-A_0203,FLARAIVFV,0.59
HLA-A_0203,LMIERFVSL,0.64
HLA-A_0203,YLDAYNMMI,0.32
HLA-A_0203,YLNTLTLAV,0.37
HLA-A_0203,VVFLHVTYV,0.28
HLA-A_0203,FIAGLIAIV,0.34
HLA-A_0203,WLVIGVAFL,0.94
HLA-A_0203,FLAVFQSAT,0.56
HLA-A_0203,TIYSHLLLV,0.49
HLA-A_0203,YLYALIYFL,0.76
HLA-A_0203,LLYDANYFV,0.97
HLA-A_0203,FLLVTLAIL,0.97
HLA-A_0203,TLACFVLAA,0.19
HLA-A_0203,HLVDFQVTI,0.39
HLA-A_0203,LLLEWLAEV,0.63
HLA-A_0203,YLMCLSPLM,0.3
HLA-A_0203,NLAPHLLLI,0.73
HLA-A_0203,VLTHGLASV,0.3
HLA-A_0203,MLLNVQTLI,0.25
HLA-A_0203,SIMAFILGI,0.18
HLA-A_0203,VLALYSPPL,0.41
HLA-A_0203,LMIFISSFL,0.13
HLA-A_0203,FLLPLTSLV,0.89
HLA-A_0203,FLTGTFVTA,0.71
HLA-A_0203,NIYSALMTL,0.13
HLA-A_0203,YLRGHTESI,0.18
HLA-A_0203,MMNERDVSV,0.27
HLA-A_0203,NVFISPASI,0.73
HLA-A_0203,SMMSMYGKA,0.11
HLA-A_0203,RVFKKIMSI,0.18
HLA-A_0203,LLIKTLSPA,0.61
HLA-A_0203,HLINKLLST,0.19
HLA-A_0203,VLSEYETMV,0.63
HLA-A_0203,IMRNFLRSI,0.4
HLA-A_0203,STYPGNTFV,0.19
HLA-A_0203,ILVGYMSNL,0.74
HLA-A_0203,AIRAGYSIV,0.21
HLA-A_0203,LISLINSLV,0.48
HLA-A_0203,SIKDSMYVI,0.71
HLA-A_0203,FMYTKHSML,0.39
HLA-A_0203,ILATLNTLI,0.23
HLA-A_0203,TLNTLITLI,0.6
HLA-A_0203,ILSNKLLYA,0.35
HLA-A_0203,FIISTLNKI,0.42
HLA-A_0203,MIGNYFSGV,0.59
HLA-A_0203,RLAVYIDKV,0.18
HLA-A_0203,FVFDRPLPV,2175
HLA-A_0203,YVASYLLAA,2649
HLA-A_0203,VLAGLLGNV,0.67
HLA-A_0203,ACAKAAAAV,1000
HLA-A_0203,ADAKAAAAV,1000
HLA-A_0203,AFAKAAAAV,1000
HLA-A_0203,AKAKAAAAV,1000
HLA-A_0203,ALAKAAAAC,1000
HLA-A_0203,ALAKAAAAF,1000
HLA-A_0203,ALAKAAAAG,1000
HLA-A_0203,ALAKAAAAN,1000
HLA-A_0203,ALAKAAAAP,1000
HLA-A_0203,ALAKAAAAR,1000
HLA-A_0203,ALAKAAAAY,1000
HLA-A_0203,ANAKAAAAV,1000
HLA-A_0203,APAKAAAAV,1000
HLA-A_0203,YDVAYQATV,1000
HLA-A_0203,YKVAYQATV,1000
HLA-A_0203,YLVAYQATD,1000
HLA-A_0203,YLVAYQATK,1000
HLA-A_0203,YLVAYQATP,1000
HLA-A_0203,YLVAYQATQ,1000
HLA-A_0203,YPVAYQATV,1000
HLA-A_0203,RLNKVISEL,0.208
HLA-A_0203,FLSHDFTLV,0.142
HLA-A_0203,FLHKRFTLV,0.116
HLA-A_0203,FLSHNFTLV,0.023
HLA-A_0203,FANHAFTLV,0.226
HLA-A_0203,FANDKFTLV,0.829
HLA-A_0203,SLSHNFTLV,0.207
HLA-A_0203,SLNRNFTLV,0.096
HLA-A_0203,FANYKFTLV,0.609
HLA-A_0203,FANHNFTLV,0.808
HLA-A_0203,FILGIIITV,0.179
HLA-A_0203,LMYDIINSV,0.311
HLA-A_0203,GLFDFVNFV,0.281
HLA-A_0203,FLIVSLCPT,0.96
HLA-A_0203,ALPHIIDEV,0.34
HLA-A_0203,ALNIALIAV,0.225
HLA-A_0203,GLSQFTQTV,0.699
HLA-A_0203,ITMGSLFFV,0.5
HLA-A_0203,VLLPVLFGV,0.42
HLA-A_0203,FLVPFVVFL,0.11
HLA-A_0203,MLMTGTLAV,0.47
HLA-A_0203,GLAMGIMML,0.67
HLA-A_0203,IMAVGIVSI,0.65
HLA-A_0203,LLKATLLAV,0.03
HLA-A_0203,LLMRTTWAL,0.817
HLA-A_0203,LMMTTIGIV,0.9
HLA-A_0203,LMMRTTWAL,0.47
HLA-A_0203,ALFSGVSWV,0.36
HLA-A_0203,YLMTLMKGA,0.801
HLA-A_0203,IMAVGLVSL,0.16
HLA-A_0203,GLYPLAIPV,0.42
HLA-A_0203,LMMATIGIA,0.49
HLA-A_0203,FIRSTMSLV,0.07
HLA-A_0203,LMAAILAYT,0.84
