name,A,R,N,D,C,Q,E,G,H,I,L,K,M,F,P,S,T,W,Y,V
Hydrophobicity,0.5,0.5,0.1,0.1,0.9,0.1,0.1,0.5,0.5,0.9,0.9,0.1,0.5,0.9,0.1,0.1,0.5,0.9,0.5,0.9
"Smoothed_upsilon_steric_parameter_(Fauchere_et_al.,_1988)",0.53,0.69,0.58,0.59,0.66,0.71,0.72,0.0,0.64,0.96,0.92,0.78,0.77,0.71,0.0,0.55,0.63,0.84,0.71,0.89
"Absolute_entropy_(Hutchens,_1970)",30.88,68.43,41.7,40.66,53.83,46.62,44.98,24.74,65.99,49.71,50.62,63.21,55.32,51.06,39.21,35.65,36.5,60.0,51.15,42.75
"Normalized_relative_frequency_of_bend_R_(Isogai_et_al.,_1981)",50.76,48.66,45.8,43.17,58.74,46.09,43.48,50.27,49.33,57.3,53.89,42.92,52.75,53.45,45.39,47.24,49.26,53.59,51.79,56.12
"Heat_capacity_(Hutchens,_1970)",29.22,26.37,38.3,37.09,50.7,44.02,41.84,23.71,59.64,45.0,48.03,57.1,69.32,48.52,36.13,32.4,35.2,56.92,51.73,40.35
"Positive_charge_(Fauchere_et_al.,_1989)",25.0,-7.0,-7.0,2.0,32.0,0.0,14.0,-2.0,-26.0,91.0,100.0,-26.0,68.0,100.0,25.0,-2.0,7.0,109.0,56.0,62.0
Buriability,13.4,8.5,7.6,8.2,22.6,8.5,7.3,7.0,11.3,20.3,20.8,6.1,15.7,23.9,9.9,8.2,10.3,24.5,19.5,19.5
"Average_accessible_surface_area_(Janin_et_al.,_1979)",-1.35,-3.89,-10.96,-11.88,4.37,-1.34,-4.56,-5.82,6.54,10.93,9.88,-11.92,7.47,11.35,-10.86,-6.21,-4.83,1.8,7.61,8.2
"Negative_charge_(Fauchere_et_al.,_1989)",1.1,-5.1,-3.5,-3.6,2.5,-3.68,-3.2,-0.64,-3.2,4.5,3.8,-4.11,1.9,2.8,-1.9,-0.5,-0.7,-0.46,-1.3,4.2
"Hydropathy_index_(Kyte-Doolittle,_1982)",1.8,-4.5,-3.5,-3.5,2.5,-3.5,-3.5,-0.4,-3.2,4.5,3.8,-3.9,1.9,2.8,-1.6,-0.8,-0.7,-0.9,-1.3,4.2
"Optical_rotation_(Fasman,_1976)",1.8,12.5,-5.6,5.05,-16.5,6.3,12.0,0.0,-38.5,12.4,-11.0,14.6,-10.0,-34.5,-86.2,-7.5,-28.0,-33.7,-10.0,5.63
"Hydration_potential_(Wolfenden_et_al.,_1981)",1.94,-19.92,-9.68,-10.95,-1.24,-9.38,-10.2,2.39,-10.27,2.15,2.28,-9.52,-1.48,-0.76,-3.68,-5.06,-4.88,-5.88,-6.11,1.99
"Average_non-bonded_energy_per_residue_(Oobatake-Ooi,_1977)",-9.48,-16.23,-12.48,-12.14,-12.21,-13.69,-13.82,-7.59,-17.55,-15.61,-15.73,-12.37,-15.7,-20.5,-11.89,-10.52,-12.37,-26.17,-20.23,-13.87
"Residue_volume_(Bigelow,_1968)",0.98,1.14,1.05,1.05,0.41,0.9,1.04,1.25,1.01,0.88,0.8,1.06,1.12,1.12,1.31,1.02,0.8,0.9,1.12,0.87
"Average_flexibility_indices_(Bhaskaran-Ponnuswamy,_1989)",0.94,1.15,0.79,1.19,0.6,0.94,1.41,1.18,1.15,1.07,0.95,1.03,0.88,1.06,1.18,0.69,0.87,0.91,1.04,0.9
"Normalized_frequency_of_isolated_helix_(Tanaka-Scheraga,_1977)",0.95,1.13,0.43,1.31,0.48,1.62,0.7,0.36,2.17,1.28,1.19,1.2,0.0,0.96,2.09,0.52,1.96,1.93,0.8,0.41
"Average_reduced_distance_for_side_chain_(Rackovsky-Scheraga,_1977)",0.94,1.11,1.04,1.07,0.87,1.15,1.1,1.06,0.91,0.74,0.8,1.23,0.78,0.72,1.09,1.08,1.04,0.87,1.05,0.82
"Number_of_full_nonbonding_orbitals_(Fauchere_et_al.,_1989)",0.78,1.58,1.2,1.35,0.55,1.19,1.45,0.68,0.99,0.47,0.56,1.1,0.66,0.47,0.69,1.0,1.05,0.7,1.0,0.51
"Side_chain_orientational_preference_(Rackovsky-Scheraga,_1977)",1.16,1.72,1.97,2.66,0.5,3.87,2.4,1.63,0.86,0.57,0.51,3.9,0.4,0.43,2.04,1.61,1.48,0.75,1.72,0.59
"Partition_coefficient_(Pliska_et_al.,_1981)",-2.89,-3.3,-3.41,-3.38,-2.49,-3.15,-2.94,-3.25,-2.84,-1.72,-1.61,-3.31,-1.84,-1.63,-2.5,-3.3,-2.91,-1.75,-2.42,-2.08
"Partition_energy_(Guy,_1985)",0.1,1.91,0.48,0.78,-1.42,0.95,0.83,0.33,-0.5,-1.13,-1.18,1.4,-1.59,-2.12,0.73,0.52,0.07,-0.51,-0.21,-1.27
"Side_chain_hydropathy,_uncorrected_for_solvation_(Roseman,_1988)",-0.67,12.1,7.23,8.72,-0.34,6.39,7.35,0.0,3.82,-3.02,-3.02,6.13,-1.3,-3.24,-1.75,4.35,3.86,-2.86,0.98,-2.18
"Hydration_number_(Hopfinger,_1971),_Cited_by_Charton-Charton_(1983)",-0.27,1.87,0.81,0.81,-1.05,1.1,1.17,-0.16,0.28,-0.77,-1.1,1.7,-0.73,-1.43,-0.75,0.42,0.63,-1.57,-0.56,-0.4
Polarity.1,0.0,52.0,3.38,49.7,1.48,3.53,49.9,0.0,51.6,0.13,0.13,49.5,1.43,0.35,1.58,1.67,1.66,2.1,1.61,0.13
"Transfer_free_energy_to_lipophilic_phase_(von_Heijne-Blomberg,_1979)",-12.04,39.23,4.25,23.22,3.95,2.16,16.81,-7.85,6.28,-18.32,-17.79,9.71,-8.86,-21.98,5.82,-1.54,-4.15,-16.19,-1.51,-16.22
"Hydrophobicity_(Prabhakaran,_1990)",-6.7,51.5,20.1,38.5,-8.4,17.2,34.3,-4.2,12.6,-13.0,-11.7,36.8,-14.2,-15.5,0.8,-2.5,-5.0,-7.9,2.9,-10.9
"Ratio_of_buried_and_accessible_molar_fractions_(Janin,_1979)",1.7,0.1,0.4,0.4,4.6,0.3,0.3,1.8,0.8,3.1,2.4,0.05,1.9,2.2,0.6,0.8,0.7,1.6,0.5,2.9
"Free_energy_of_solution_in_water,_kcal/mole_(Charton-Charton,_1982)",-0.37,-1.03,0.0,2.06,4.53,0.73,1.77,-0.53,0.0,0.79,1.07,0.0,0.66,1.06,-2.24,-0.52,0.0,1.6,4.91,0.4
"Number_of_hydrogen_bond_donors_(Fauchere_et_al.,_1989)",-2.34,1.6,2.81,-0.48,5.03,0.16,1.3,-1.06,-3.0,7.26,1.09,1.56,0.62,2.57,-0.15,1.93,0.19,3.59,-2.58,2.06
"Mean_polarity_(Radzicka-Wolfenden,_1988)",-0.06,-0.84,-0.48,-0.8,1.36,-0.73,-0.77,-0.41,0.49,1.31,1.21,-1.18,1.27,1.27,0.0,-0.5,-0.27,0.88,0.33,1.09
"Hydration_free_energy_(Robson-Osguthorpe,_1979)",-1.0,0.3,-0.7,-1.2,2.1,-0.1,-0.7,0.3,1.1,4.0,2.0,-0.9,1.8,2.8,0.4,-1.2,-0.5,3.0,2.1,1.4
Protein binding propensity,0.53,1.8,1.1,1.55,1.59,1.7,0.29,0.96,1.09,0.23,1.12,0.14,1.21,1.35,1.37,0.83,1.07,2.02,1.29,0.7
"Hydrophobicity_(Jones,_1975)",0.87,0.85,0.09,0.66,1.52,0.0,0.67,0.1,0.87,3.15,2.17,1.64,1.67,2.87,2.77,0.07,0.07,3.77,2.67,1.87
"Hydrophobicity_index_(Argos_et_al.,_1982)",0.61,0.6,0.06,0.46,1.07,0.0,0.47,0.07,0.61,2.22,1.53,1.15,1.18,2.02,1.95,0.05,0.05,2.65,1.88,1.32
"Transfer_free_energy_(Simon,_1976),_Cited_by_Charton-Charton_(1982)",0.73,0.73,-0.01,0.54,0.7,-0.1,0.55,0.0,1.1,2.97,2.49,1.5,1.3,2.65,2.6,0.04,0.44,3.0,2.97,1.69
"STERIMOL_maximum_width_of_the_side_chain_(Fauchere_et_al.,_1989)",0.06,-0.85,0.25,-0.2,0.49,0.31,-0.1,0.21,-2.24,3.48,3.5,-1.62,0.21,4.8,0.71,-0.62,0.65,2.29,1.89,1.59
Amphiphilicity index,0.0,2.45,0.0,0.0,0.0,1.25,1.27,0.0,1.45,0.0,0.0,3.67,0.0,0.0,0.0,0.0,0.0,6.93,5.06,0.0
"Solvation_free_energy_(Eisenberg-McLachlan,_1986)",0.67,-2.1,-0.6,-1.2,0.38,-0.22,-0.76,0.0,0.64,1.9,1.9,-0.57,2.4,2.3,1.2,0.01,0.52,2.6,1.6,1.5
pK2 (NH ),9.9,9.0,8.8,9.9,10.8,9.1,9.5,9.8,9.2,9.8,9.7,9.2,9.3,9.2,10.6,9.2,9.1,9.4,9.1,9.7
"Polarity_(Grantham,_1974)",8.1,10.5,11.6,13.0,5.5,10.5,12.3,9.0,10.4,5.2,4.9,11.3,5.7,5.2,8.0,9.2,8.6,5.4,6.2,5.9
Ranking of amino acid polarities,9.0,15.0,16.0,19.0,7.0,17.0,18.0,11.0,10.0,1.0,3.0,20.0,5.0,2.0,13.0,14.0,12.0,6.0,8.0,4.0
"Polar_requirement_(Woese,_1973)",7.0,9.1,10.0,13.0,5.5,8.6,12.5,7.9,8.4,4.9,4.9,10.1,5.3,5.0,6.6,7.5,6.6,5.3,5.7,5.6
"pK-a(RCOOH)_(Fauchere_et_al.,_1988)",4.76,4.3,3.64,5.69,3.67,4.54,5.48,3.77,2.84,4.81,4.79,4.27,4.25,4.31,0.0,3.83,3.87,4.75,4.3,4.86
"Solvation_free_energy_(Eisenberg-McLachlan,_1987)",5.22,7.3,6.06,7.91,1.01,6.0,10.66,5.81,2.27,2.36,4.52,12.68,1.85,1.68,5.7,6.99,5.16,0.56,2.16,4.1
"Melting_point_(Fasman,_1976)",297.0,238.0,236.0,270.0,178.0,185.0,249.0,290.0,277.0,284.0,337.0,224.0,283.0,284.0,222.0,228.0,253.0,282.0,344.0,293.0
"Entropy_of_formation_(Hutchens,_1970)",154.33,341.01,207.9,194.91,219.79,235.51,223.16,127.9,242.54,233.21,232.3,300.46,202.65,204.74,179.93,174.06,205.8,237.01,229.15,207.6
"Residue_volume_(Goldsack-Chalifoux,_1973)",88.3,181.2,125.1,110.8,112.4,148.7,140.5,60.0,152.6,168.5,168.5,175.6,162.2,189.0,122.2,88.7,118.2,227.0,193.0,141.4
"Smoothed_upsilon_steric_parameter_(Fauchere_et_al.,_1989)",89.3,190.3,122.4,114.4,102.5,146.9,138.8,63.8,157.5,163.0,163.1,165.1,165.8,190.8,121.6,94.2,119.6,226.4,194.6,138.2
Accessible surface area(Ã…2),67.0,196.0,113.0,106.0,104.0,144.0,138.0,0.0,151.0,140.0,137.0,167.0,160.0,175.0,105.0,80.0,102.0,217.0,187.0,117.0
"Mean_area_buried_on_transfer_(Rose_et_al.,_1985)",86.6,162.2,103.3,97.8,132.3,119.2,113.9,62.9,155.8,158.0,164.1,115.5,172.9,194.1,92.9,85.6,106.5,224.6,177.7,141.0
"Molecular_weight_(Fasman,_1976)",89.09,174.2,132.12,133.1,121.15,146.15,147.13,75.07,155.16,131.17,131.17,146.19,149.21,165.19,115.13,105.09,119.12,204.24,181.19,117.15
"Normalized_average_hydrophobicity_scales_(Cid_et_al.,_1992)",0.02,-0.42,-0.77,-1.04,0.77,-1.1,-1.14,-0.8,0.26,1.81,1.14,-0.41,1.0,1.35,-0.09,-0.97,-0.77,1.71,1.11,1.13
"Apparent_partial_specific_volume_(Bull-Breese,_1975)",1.43,1.33,0.55,0.9,0.52,1.43,1.7,0.56,0.66,1.18,1.52,0.82,1.68,1.1,0.15,0.61,0.75,1.68,0.65,1.14
"Helix-coil_equilibrium_constant_(Finkelstein-Ptitsyn,_1977)",1.08,1.05,0.85,0.85,0.95,0.95,1.15,0.55,1.0,1.05,1.25,1.15,1.15,1.1,0.71,0.75,0.75,1.1,1.1,0.95
"Polarizability_parameter_(Charton-Charton,_1983)",1.87,1.66,0.7,0.91,0.33,1.24,1.88,0.33,0.89,0.9,1.65,1.63,1.35,0.67,0.03,0.71,0.5,1.0,0.73,0.51
"Heat_capacity_(Hutchens,_1971)",-0.31,1.3,0.49,0.58,-0.87,0.7,0.68,-0.33,0.13,-0.66,-0.53,1.79,-0.38,-0.45,0.34,0.1,0.21,-0.27,0.4,-0.62
"Absolute_entropy_(Hutchens,_1971)",-0.27,2.0,0.61,0.5,-0.23,1.0,0.33,-0.22,0.37,-0.8,-0.44,1.17,-0.31,-0.55,0.36,0.17,0.18,0.05,0.48,-0.65
Isoelectric point.1,0.404,1.0,0.33,0.0,0.285,0.36,0.056,0.401,0.603,0.407,0.402,0.872,0.3720000000000001,0.339,0.442,0.364,0.362,0.39,0.362,0.399
Hydrophilicity scale,0.279,1.0,0.6579999999999999,0.7929999999999999,0.07200000000000001,0.649,0.883,0.189,0.468,0.0,0.081,0.568,0.171,0.0,0.198,0.477,0.523,0.207,0.477,0.036000000000000004
Polarity.2,0.0,1.0,0.065,0.956,0.028,0.068,0.96,0.0,0.992,0.003,0.003,0.952,0.028,0.006999999999999999,0.03,0.032,0.032,0.04,0.031,0.003
"Radius_of_gyration_of_side_chain_(Levitt,_1976)",0.77,2.38,1.45,1.43,1.22,1.75,1.77,0.58,1.78,1.56,1.54,2.08,1.8,1.9,1.25,1.08,1.24,2.21,2.13,1.29
