seq #,peptide,start,end,peptide length,allele,peptide index,median binding percentile,netmhcpan_ba core,netmhcpan_ba icore,netmhcpan_ba IC50,netmhcpan_ba percentile,mhcflurry IC50,mhcflurry percentile
1,QRSYVSGVL,1,9,9,HLA-B*27:04,1,0.81,QRSYVSGVL,QRSYVSGVL,6764.91,0.42,118.78,1.2
2,SRRTSRPNR,1,9,9,HLA-B*27:04,2,2.9,SRRTSRPNR,SRRTSRPNR,21932.92,3.2,316.22,2.6
3,GQYGNPLNK,1,9,9,HLA-B*27:04,3,2.8,GQYGNPLNK,GQYGNPLNK,23016.77,3.5,196.2,2.1
4,SRYWAIRTR,1,9,9,HLA-B*27:04,4,0.82,SRYWAIRTR,SRYWAIRTR,5752.95,0.33,126.58,1.3
5,RRRWRRLTV,1,9,9,HLA-B*27:04,5,0.38,RRRWRRLTV,RRRWRRLTV,674.09,0.02,95.9,0.73
6,SRSALLAQM,1,9,9,HLA-B*27:04,6,0.16,SRSALLAQM,SRSALLAQM,3347.47,0.16,64.01,0.16
7,KRAVGIGAL,1,9,9,HLA-B*27:04,7,0.34,KRAVGIGAL,KRAVGIGAL,5925.48,0.35,72.85,0.32
8,RRYPDAVYL,1,9,9,HLA-B*27:04,8,0.1,RRYPDAVYL,RRYPDAVYL,3004.97,0.14,55.92,0.05
9,RRAIATPGM,1,9,9,HLA-B*27:04,9,0.13,RRAIATPGM,RRAIATPGM,2358.21,0.1,64.53,0.16
10,RRRESEKSL,1,9,9,HLA-B*27:04,10,0.55,RRRESEKSL,RRRESEKSL,9795.1,0.76,73.92,0.34
11,GRRYGLIGL,1,9,9,HLA-B*27:04,11,0.22,GRRYGLIGL,GRRYGLIGL,3708.97,0.18,70.06,0.27
12,ARVGGVKRI,1,9,9,HLA-B*27:04,12,0.8,ARVGGVKRI,ARVGGVKRI,12351.97,1.2,76.2,0.39
13,ARFGGVKRI,1,9,9,HLA-B*27:04,13,0.24,ARFGGVKRI,ARFGGVKRI,5315.69,0.31,65.79,0.17
14,GRVYGLIGL,1,9,9,HLA-B*27:04,14,0.17,GRVYGLIGL,GRVYGLIGL,3513.91,0.17,66.3,0.17
15,GRFYGLIGL,1,9,9,HLA-B*27:04,15,0.06,GRFYGLIGL,GRFYGLIGL,1156.69,0.04,59.04,0.09
16,RRVESEKSL,1,9,9,HLA-B*27:04,16,0.44,RRVESEKSL,RRVESEKSL,9995.85,0.77,60.49,0.12
17,RRFESEKSL,1,9,9,HLA-B*27:04,17,0.1,RRFESEKSL,RRFESEKSL,3493.56,0.17,54.79,0.03
18,ARLFGIRAK,1,9,9,HLA-B*27:04,18,0.89,ARLFGIRAK,ARLFGIRAK,8209.42,0.58,117.95,1.2
19,FRYNGLIHR,1,9,9,HLA-B*27:04,19,0.66,FRYNGLIHR,FRYNGLIHR,6192.65,0.37,106.49,0.94
20,GRIDKPILK,1,9,9,HLA-B*27:04,20,0.85,GRIDKPILK,GRIDKPILK,12948.06,1.3,76.6,0.4
21,GRLTKHTKF,1,9,9,HLA-B*27:04,21,0.22,GRLTKHTKF,GRLTKHTKF,5289.98,0.31,61.79,0.13
22,KRFEGLTQR,1,9,9,HLA-B*27:04,22,0.56,KRFEGLTQR,KRFEGLTQR,10457.74,0.83,72.45,0.3
23,KRGILTLKY,1,9,9,HLA-B*27:04,23,0.34,KRGILTLKY,KRGILTLKY,4677.84,0.27,76.62,0.4
24,KRKKAYADF,1,9,9,HLA-B*27:04,24,0.99,KRKKAYADF,KRKKAYADF,9168.01,0.68,124.37,1.3
25,KRYKSIVKY,1,9,9,HLA-B*27:04,25,0.08,KRYKSIVKY,KRYKSIVKY,3066.02,0.14,53.76,0.03
26,RRIKEIVKK,1,9,9,HLA-B*27:04,26,0.54,RRIKEIVKK,RRIKEIVKK,10199.6,0.8,70.65,0.28
27,RRISGVDRY,1,9,9,HLA-B*27:04,27,0.14,RRISGVDRY,RRISGVDRY,3040.68,0.14,61.23,0.13
28,RRSKEITVR,1,9,9,HLA-B*27:04,28,1.14,RRSKEITVR,RRSKEITVR,15556.23,1.7,86.64,0.58
29,RRWLPAGDA,1,9,9,HLA-B*27:04,29,1.02,RRWLPAGDA,RRWLPAGDA,4172.59,0.23,165.79,1.8
30,RRYQKSTEL,1,9,9,HLA-B*27:04,30,0.02,RRYQKSTEL,RRYQKSTEL,850.09,0.02,50.77,0.01
